Time,Total Electric Power (kW),Total Reactive Power (kVAR),Total Gas Power (therms/hour),Total Electric Energy (kWh),Total Reactive Energy (kVARh),Total Gas Energy (therms),HVAC Heating Electric Power (kW),HVAC Cooling Electric Power (kW),HVAC Heating Reactive Power (kVAR),HVAC Cooling Reactive Power (kVAR),Grid Voltage (-),HVAC Heating Delivered (W),HVAC Heating Setpoint (C),HVAC Heating COP (-),HVAC Heating Duct Losses (W),HVAC Heating Main Power (kW),HVAC Heating Fan Power (kW),HVAC Heating Speed (-),HVAC Heating Capacity (W),HVAC Heating Max Capacity (W),HVAC Heating ER Power (kW),HVAC Cooling Delivered (W),HVAC Cooling Setpoint (C),HVAC Cooling COP (-),HVAC Cooling Duct Losses (W),HVAC Cooling Main Power (kW),HVAC Cooling Fan Power (kW),HVAC Cooling Latent Gains (W),HVAC Cooling SHR (-),HVAC Cooling Speed (-),HVAC Cooling Capacity (W),HVAC Cooling Max Capacity (W),Temperature - Indoor (C),Unmet HVAC Load (C),Temperature - Attic (C),Temperature - Outdoor (C),Temperature - Ground (C),Net Sensible Heat Gain - Indoor (W),Net Sensible Heat Gain - Attic (W),Infiltration Heat Gain - Indoor (W),Forced Ventilation Heat Gain - Indoor (W),Natural Ventilation Heat Gain - Indoor (W),Internal Heat Gain - Indoor (W),Window Transmitted Solar Gain (W),Floor Heat Gain - Indoor (W),Internal Mass Heat Gain - Indoor (W),Wall Heat Gain - Indoor (W),Window Heat Gain - Indoor (W),Roof Heat Gain - Indoor (W),Occupancy (Persons),Infiltration Flow Rate - Indoor (m^3/s),Forced Ventilation Flow Rate - Indoor (m^3/s),Natural Ventilation Flow Rate - Indoor (m^3/s),Air Changes per Hour - Indoor (1/hour),Occupancy Heat Gain - Indoor (W),Radiation Heat Gain - Indoor (W),Relative Humidity - Indoor (-),Wet Bulb - Indoor (C),Humidity Ratio - Indoor (-),Net Latent Heat Gain - Indoor (W),Air Density - Indoor (kg/m^3),Infiltration Flow Rate - Attic (m^3/s),Infiltration Heat Gain - Attic (W),Radiation Heat Gain - Attic (W),Exterior Wall Ext. Solar Gain (W),Exterior Wall Ext. LWR Gain (W),Exterior Wall Ext. Surface Temperature (C),Exterior Wall Ext. Film Coefficient (m^2-K/W),Attic Wall Ext. Solar Gain (W),Attic Wall Ext. LWR Gain (W),Attic Wall Ext. Surface Temperature (C),Attic Wall Ext. Film Coefficient (m^2-K/W),Attic Roof Ext. Solar Gain (W),Attic Roof Ext. LWR Gain (W),Attic Roof Ext. Surface Temperature (C),Attic Roof Ext. Film Coefficient (m^2-K/W),Window Ext. Solar Gain (W),Window Ext. LWR Gain (W),Window Ext. Surface Temperature (C),Window Ext. Film Coefficient (m^2-K/W),Door Ext. Solar Gain (W),Door Ext. LWR Gain (W),Door Ext. Surface Temperature (C),Door Ext. Film Coefficient (m^2-K/W),Exterior Wall Indoor LWR Gain (W),Exterior Wall Indoor Surface Temperature (C),Exterior Wall Indoor Film Coefficient (m^2-K/W),Attic Floor Indoor LWR Gain (W),Attic Floor Indoor Surface Temperature (C),Attic Floor Indoor Film Coefficient (m^2-K/W),Floor Indoor LWR Gain (W),Floor Indoor Surface Temperature (C),Floor Indoor Film Coefficient (m^2-K/W),Window Indoor LWR Gain (W),Window Indoor Surface Temperature (C),Window Indoor Film Coefficient (m^2-K/W),Door Indoor LWR Gain (W),Door Indoor Surface Temperature (C),Door Indoor Film Coefficient (m^2-K/W),Interior Wall Indoor LWR Gain (W),Interior Wall Indoor Surface Temperature (C),Interior Wall Indoor Film Coefficient (m^2-K/W),Indoor Furniture Indoor LWR Gain (W),Indoor Furniture Indoor Surface Temperature (C),Indoor Furniture Indoor Film Coefficient (m^2-K/W),Attic Wall Attic LWR Gain (W),Attic Wall Attic Surface Temperature (C),Attic Wall Attic Film Coefficient (m^2-K/W),Attic Roof Attic LWR Gain (W),Attic Roof Attic Surface Temperature (C),Attic Roof Attic Film Coefficient (m^2-K/W),Attic Floor Attic LWR Gain (W),Attic Floor Attic Surface Temperature (C),Attic Floor Attic Film Coefficient (m^2-K/W)
2019-01-15 12:00:00,0.025,0.007291666666666672,0.0,0.025,0.007291666666666672,0.0,0.0,0.025,0.0,0.007291666666666672,1.0,0.0,21.666666666666686,0.0,0.0,0.0,0.0,0.0,0.0,22813.251839888493,0.0,0.0,24.444444444444457,0.0,0.0,0.025,0.0,0.0,0.0,0.0,0.0,21555.418095067038,23.277602234649404,0.0,14.203393509562659,12.5,6.529479366362011,-77.347938749844,-5.188313089625209,-21.4262231431418,-297.9486673983067,-27.08485818494123,2.96998264,581.1385321396946,-825.308714162507,164.2780113445809,-201.9081403879973,-181.94007111902948,-18.088462306928765,0.045,0.0018626874046457859,0.026896284787967992,0.0022327408407723363,0.41042325633826693,2.96998264,266.14182733654576,0.08499052044119694,7.9248260656112235,0.0017939731611823113,-2.870902120666939,0.9863998953277245,0.06422761444678192,-118.04590626817013,112.85759317854492,22569.700774009038,-8648.5965337622,26.203720705034822,0.06867587875583193,2523.973060599482,-1322.327035819951,16.562115955350315,0.06867587875583193,48819.56710592022,-21655.89220168738,30.500001922040017,0.0672846125515661,1004.8570432575692,-657.9801884314948,15.751021556372852,0.06867587875583193,90.70844388983758,-68.40463152464052,14.039253867723499,0.06867587875583193,-4.20447266800511,22.552665805540315,0.32548586590269935,-102.64906821122847,22.71777392650455,0.5611340362873486,408.4516099114274,21.846741505535405,0.2805103236939845,86.84259655642356,21.407410856230754,0.32548586590269935,7.806975522977942,21.744075983125995,0.32548586590269935,-299.10523833828813,23.050405302196207,0.32548586590269935,-97.14240277330804,22.955181727380058,0.32548586590269935,120.46623765419845,14.92381183186039,0.32548586590269935,-245.61016336658733,16.228926954634122,0.5362639706129531,125.1439257123944,15.608968208030435,0.5611340362873486
2019-01-15 13:00:00,0.0,0.0,0.0,0.0,0.0,0.0,0.0,0.0,0.0,0.0,1.0,0.0,21.666666666666686,0.0,0.0,0.0,0.0,0.0,0.0,23230.499725889964,0.0,0.0,24.444444444444457,0.0,0.0,0.0,0.0,0.0,0.0,0.0,0.0,21434.376404107203,22.057164049653213,0.0,16.885326709746774,13.05,6.529479366362011,21.160426917761487,-220.90149421006242,-8.430366280246337,-248.5611866857842,0.0,2.96998264,613.4900417967341,-633.8288743091385,298.4494197246911,-61.259284172298436,-154.6925237745034,86.25281667297297,0.045,0.0009100733605837784,0.026896284787967992,0.0,0.36823960153292046,2.96998264,275.18199724379207,0.09091073052605293,7.429984977387858,0.001791390765429386,-9.841453095145662,0.9902284741870697,0.10187541169376674,-404.245685346286,183.3441911362236,24696.87681615414,-10360.999377193622,30.203405440385733,0.06867587875583193,4722.356595903867,-2080.4406515305923,22.502569952761284,0.06867587875583193,44343.45214739244,-22982.352730425493,32.74557150704995,0.0672846125515661,1060.7966179734253,-666.0917516607252,16.30461390449384,0.06867587875583193,88.42729801434126,-68.28153378046528,14.474378860547102,0.06867587875583193,-18.62287111295385,21.812199440226145,0.32548586590269935,-114.27291396982486,21.966671471732578,0.5611340362873486,383.97574861082904,21.111192362290662,0.2805103236939845,74.25631095211703,20.792892940781876,0.32548586590269935,6.947848454235195,21.054461690387374,0.32548586590269935,-243.53395163512675,22.18735096655236,0.32548586590269935,-88.750171299274,22.150464669176937,0.32548586590269935,161.17863792966222,17.569358607363675,0.32548586590269935,-377.2314571195095,19.35366066742305,0.5362639706129531,216.05281918985153,18.376725767922107,0.5611340362873486
2019-01-15 14:00:00,0.3027653514944292,0.19556709726591698,0.0,0.30276535149442924,0.19556709726591698,0.0,0.3027653514944292,0.0,0.19556709726591698,0.0,1.0,520.4872010544327,21.666666666666686,2.1150974272836534,110.20809206122625,0.27612726816873573,0.026638083325693483,0.0259882967147827,604.0572097899654,23269.786233243558,0.0,0.0,24.444444444444457,0.0,0.0,0.0,0.0,0.0,0.0,0.0,0.0,21434.376404107203,21.667262150628506,0.0,18.312870846669572,13.05,6.529479366362011,551.4849184395499,-403.1058661796523,-7.613422884778164,-237.79733396390787,0.0,2.96998264,648.7532976472756,-589.6203225084283,210.60432183132863,-41.94849350769197,-150.22394195104394,69.94184577176067,0.045,0.0008607440113076602,0.026896284787967992,0.0,0.3675863329594427,2.96998264,273.43849159380335,0.09288987806229222,7.256205717073748,0.001787503371860827,-9.55150991345769,0.9915397863893689,0.11830955010845459,-639.380790355077,126.06683211419848,25378.800971914894,-10733.51376089657,30.955724176091532,0.06867587875583193,6510.916384328367,-2740.607598872708,27.0687655624327,0.06867587875583193,36952.27818291619,-20393.059659788563,29.15368010977977,0.0672846125515661,1121.7709451775502,-677.6692085599498,16.46497494492798,0.06867587875583193,78.0364413874912,-65.81321186122989,14.199614010672464,0.06867587875583193,-33.86225138306448,21.43241983076218,0.32548586590269935,-103.52103954270824,21.53535392288123,0.5611340362873486,345.9075879823185,20.760601370933617,0.2805103236939845,65.72070523293705,20.48837032447781,0.32548586590269935,6.116948195173351,20.724059948436388,0.32548586590269935,-183.67877096814348,21.672882484031767,0.32548586590269935,-96.68317951651625,21.772361918980017,0.32548586590269935,102.75974649839041,18.89985378053619,0.32548586590269935,-254.2953102517087,20.047191750339376,0.5362639706129531,151.5355637533247,19.384206959139267,0.5611340362873486
2019-01-15 15:00:00,0.49001864054344746,0.3076640350923786,0.0,0.4900186405434474,0.3076640350923786,0.0,0.46501864054344744,0.025,0.3003723684257119,0.007291666666666672,1.0,789.7150077736919,21.666666666666686,2.1632686562378796,167.214456191312,0.42412031526276517,0.04089832528068225,0.04081260248734022,916.0311386843217,22540.937737072632,0.0,0.0,24.444444444444457,0.0,0.0,0.025,0.0,0.0,0.0,0.0,0.0,21434.376404107203,21.666666666666686,0.0,18.284249178029327,11.7,6.529479366362011,750.1113967240167,-721.3885448764416,-11.105306124133023,-276.2605070986374,0.0,2.96998264,590.3664577137127,-612.285950285229,101.34613693374581,-42.69448527894033,-170.15622231169965,32.83706235962831,0.045,0.001060004519647507,0.026896284787967992,0.0,0.3702251398754838,2.96998264,244.79221953309522,0.09286049303157864,7.255298155977465,0.0017868710014108994,18.280631186708355,0.9915421684040352,0.1340207900825227,-922.8748778724683,34.27187680471479,22780.01490077486,-9845.594208121467,28.22394462198027,0.06867587875583193,7210.870526060006,-3026.8945046255926,28.06477673075089,0.06867587875583193,26055.886458108154,-16229.149973194568,22.523178637027765,0.0672846125515661,1020.813214626154,-651.0118967010333,15.053458121889939,0.06867587875583193,57.9888863987242,-60.340766978718165,12.520387223290994,0.06867587875583193,-58.85068048555283,21.345535555918502,0.32548586590269935,-96.1931904777625,21.38065415736547,0.5611340362873486,321.54855518468383,20.659576765779068,0.2805103236939845,81.92280183389315,20.128677984890547,0.32548586590269935,6.040979143563444,20.58866348148432,0.32548586590269935,-150.52030405039088,21.47403943024015,0.32548586590269935,-103.9481611484367,21.66174906226763,0.32548586590269935,12.390182959022301,18.930310082711685,0.32548586590269935,-59.32600231534731,19.113069192278996,0.5362639706129531,46.93581935632974,18.937747957238283,0.5611340362873486
2019-01-15 16:00:00,0.7006886641220906,0.434886689176665,0.0,0.7006886641220907,0.43488668917666506,0.0,0.6506886641220907,0.05,0.42030335584333167,0.014583333333333344,1.0,1085.574042028407,21.666666666666686,2.122644914364388,229.8597231992882,0.5934558816514376,0.057232782470653075,0.05869353321964747,1258.2009827570423,21502.728003248474,0.0,0.0,24.444444444444457,0.0,0.0,0.05,0.0,0.0,0.0,0.0,0.0,21434.376404107203,21.666666666666686,0.0,16.489374927621203,9.75,6.529479366362011,907.4368382348024,-871.5510170871515,-17.305864603189153,-331.46668934005777,0.0,3.563979167999999,397.7664644592848,-637.6892576047655,34.358964969257386,-50.11057626491406,-194.03235323217365,5.825547376476491,0.053999999999999986,0.0013936790649058757,0.026896284787967992,0.0,0.3746439918852001,3.563979167999999,167.07137098164233,0.09336098813243383,7.251098437172118,0.001800696277661322,47.16613790494777,0.9892517789169962,0.14609127325230106,-1020.8455264506285,-80.56521383581125,15648.539462582334,-7419.318997843307,21.565268525487387,0.06867587875583193,5868.796241866116,-2637.3943569829557,23.934428932163765,0.06867587875583193,12481.109835921949,-11091.492866341032,13.360769235399966,0.0672846125515661,687.7851171078328,-571.8725537492483,12.335912741098834,0.06867587875583193,29.156823550381116,-52.37795987566777,9.980871749803605,0.06867587875583193,-77.86475170094175,21.25967681479523,0.32548586590269935,-95.0061337622689,21.25063386004376,0.5611340362873486,302.2369298128572,20.564152829821857,0.2805103236939845,117.09928392265125,19.52820631102975,0.32548586590269935,6.88330115731932,20.37185592144478,0.32548586590269935,-142.93652706229392,21.33314069112612,0.32548586590269935,-110.41210236732107,21.561886400940264,0.32548586590269935,-83.66456098644906,17.237531425168445,0.32548586590269935,173.8617313603376,16.328308223145957,0.5362639706129531,-90.19717037388376,16.774084387140046,0.5611340362873486
2019-01-15 17:00:00,0.9374382325105092,0.5878118030978782,0.0,0.9374382325105092,0.5878118030978782,0.0,0.8874382325105091,0.05,0.5732284697645447,0.014583333333333344,1.0,1463.298788872078,21.666666666666686,2.095404286747281,309.83925696998926,0.8093725415202819,0.07806569099022723,0.08171531918992637,1695.07235485184,20773.1792578575,0.0,0.0,24.444444444444457,0.0,0.0,0.05,0.0,0.0,0.0,0.0,0.0,21434.376404107203,21.666666666666686,0.0,13.803907335776866,8.35,6.529479366362011,1118.1056377772386,-689.9599947532798,-23.0312556093774,-371.8706912363488,0.0,6.533961808,110.74714035382719,-672.6543266680286,-37.747765721247085,-98.25652818950495,-205.80482570170142,-34.69309302378213,0.099,0.0016604470952903266,0.026896284787967992,0.0,0.3781768009170656,6.533961808,43.17483394288673,0.0941577669576689,7.259469432437352,0.0018184875555029916,45.49270392354665,0.9879426986305118,0.14262037251826182,-808.4985237848254,-191.3007279384437,4495.151353798795,-3579.4966187639166,11.461899798396376,0.06867587875583193,1960.1993694832597,-1356.3141284080327,13.339416231174514,0.06867587875583193,1446.8358059595205,-6877.674420377712,5.0457330925081,0.0672846125515661,191.4948637039043,-460.9415202491404,9.44994148227215,0.06867587875583193,2.5641239039999997,-45.4266852482745,7.880192540155516,0.06867587875583193,-78.77066839969605,21.084050079979896,0.32548586590269935,-90.99006173348425,21.066055655425433,0.5611340362873486,275.0945213063382,20.432402468885325,0.2805103236939845,153.0717288891164,18.86297769103032,0.32548586590269935,8.061514625068863,20.069462010853336,0.32548586590269935,-145.4278702355417,21.15993773858456,0.32548586590269935,-121.03916445179844,21.430482505349605,0.32548586590269935,-138.78049143334692,14.323536575543974,0.32548586590269935,375.06248180982914,12.621240720629674,0.5362639706129531,-236.28199037647815,13.69282875838644,0.5611340362873486
2019-01-15 18:00:00,1.2479850752928883,0.7884052471900513,0.0,1.2479850752928883,0.7884052471900513,0.0,1.1979850752928882,0.05,0.773821913856718,0.014583333333333344,1.0,1835.778856361762,21.666666666666686,1.9570527213503695,388.70828100307364,1.0928080349482125,0.10517704034467563,0.10844281470452445,2119.3100970201604,18465.03727937751,0.0,0.0,24.444444444444457,0.0,0.0,0.05,0.0,0.0,0.0,0.0,0.0,21434.376404107203,21.666666666666686,0.0,11.128548070862596,6.1,6.529479366362011,1367.9291639474052,-553.0205367382052,-32.1205259129754,-438.76197741635445,0.0,10.691937504,0.0,-703.5248148029957,-105.9072252904363,-174.33740704529848,-237.62190163144908,-78.93479826258677,0.162,0.001949566316088728,0.026896284787967992,0.0,0.38200560676404266,10.691937504,-7.659126589027218,0.09500040390689783,7.28132130210916,0.00183360825550085,40.15820967246283,0.988582871273574,0.13531667469095035,-716.544578994207,-225.18423874707202,0.0,-1844.6886926351167,5.24869044055244,0.06867587875583193,0.0,-599.5714182441735,5.481177843287717,0.06867587875583193,0.0,-5997.741132794131,2.00722718089795,0.0672846125515661,0.0,-419.9160053871999,6.941251419808486,0.06867587875583193,0.0,-44.240690501109604,5.8154934028374345,0.06867587875583193,-62.80007844983569,20.85948695839386,0.32548586590269935,-85.77081061380062,20.867986684519778,0.5611340362873486,241.9327938964542,20.29980902457929,0.2805103236939845,183.26540254244827,18.260017958294377,0.32548586590269935,9.202152482691709,19.758875884340988,0.32548586590269935,-153.43924965460283,20.984908422632284,0.32548586590269935,-132.39021020335548,21.290996615179168,0.32548586590269935,-117.40329030005903,11.335720235583901,0.32548586590269935,412.50588254399605,9.687415467384714,0.5362639706129531,-295.1025922439324,10.968577626978151,0.5611340362873486
2019-01-15 19:00:00,1.5144334780234758,0.960513912980099,0.0,1.5144334780234758,0.960513912980099,0.0,1.4644334780234758,0.05,0.9459305796467656,0.014583333333333344,1.0,2116.6732147061452,21.666666666666686,1.8240770656762595,448.1849237354651,1.3356005596261498,0.12883291839732608,0.1305155319188695,2436.025220044284,16333.883428952058,0.0,0.0,24.444444444444457,0.0,0.0,0.05,0.0,0.0,0.0,0.0,0.0,21434.376404107203,21.666666666666686,0.0,8.55176530073243,4.15,6.529479366362011,1580.312854059633,-354.78929445928077,-39.82295033190145,-496.66210618789955,0.0,10.691937504,0.0,-725.9635431913375,-152.69208992454327,-253.96851023185837,-270.50818220583494,-114.17024509330716,0.162,0.002156010955311644,0.026896284787967992,0.0,0.38473955312551583,10.691937504,-10.567241630711324,0.09564832062345863,7.291005653645369,0.0018472916336443536,32.92111094265352,0.9879648318973958,0.12075821655220867,-562.2743887415454,-240.69982945320046,0.0,-1684.8693233346892,3.150328083919859,0.06867587875583193,0.0,-540.5993039766487,3.3070169358976376,0.06867587875583193,0.0,-5564.518896907535,-0.049815185772772316,0.0672846125515661,0.0,-418.3069661521468,5.27562918084897,0.06867587875583193,0.0,-42.76727683496096,3.973063715455633,0.06867587875583193,-38.16907830537057,20.651805054342272,0.32548586590269935,-81.89775504300523,20.708545405153775,0.5611340362873486,213.46427152584656,20.195748798273243,0.2805103236939845,202.41634948059217,17.84256805506323,0.32548586590269935,10.795428213347343,19.436844077158643,0.32548586590269935,-165.89168844897844,20.853888031977842,0.32548586590269935,-140.71752742243044,21.17480127694058,0.32548586590269935,-90.09071835972112,8.525034496071184,0.32548586590269935,418.5984252078216,7.042310508361274,0.5362639706129531,-328.50770684809567,8.435939981123818,0.5611340362873486
2019-01-15 20:00:00,1.688541438001276,1.0729765450999282,0.0,1.6885414380012758,1.0729765450999282,0.0,1.638541438001276,0.05,1.0583932117665948,0.014583333333333344,1.0,2335.0453419273044,21.666666666666686,1.797980547217608,494.4230933804444,1.4944342466046652,0.1441071913966107,0.14822778740337936,2685.3612439111384,15871.260219448186,0.0,0.0,24.444444444444457,0.0,0.0,0.05,0.0,0.0,0.0,0.0,0.0,21434.376404107203,21.666666666666686,0.0,6.781288038745041,3.05,6.529479366362011,1754.3387369802172,-204.18674957159914,-46.48961343204095,-530.0710228827558,0.0,10.691937504,0.0,-744.9225393933534,-186.7601189823149,-328.6814706074026,-289.0334781950533,-146.84102539220717,0.162,0.00235121697826411,0.026896284787967992,0.0,0.38732466649148845,10.691937504,-14.837906136290794,0.09619402385517765,7.30244270322506,0.001857862480904817,28.24214236493985,0.9879585142304054,0.11760735140477203,-469.6705574598112,-228.93928549223224,0.0,-1614.0697253828318,2.1298329829299814,0.06867587875583193,0.0,-500.924700507676,2.1332932599212255,0.06867587875583193,0.0,-5288.903710269034,-0.9694705349003445,0.0672846125515661,0.0,-413.53097007994364,4.390487849467927,0.06867587875583193,0.0,-41.226612603772324,2.9585631555826652,0.06867587875583193,-11.666413001341668,20.4672441466966,0.32548586590269935,-75.76273682044848,20.57263534439102,0.5611340362873486,190.49789010610087,20.10984010281214,0.2805103236939845,211.28924904912782,17.592123418007773,0.32548586590269935,11.973647111339542,19.185678216224396,0.32548586590269935,-179.42020187045054,20.75222146980205,0.32548586590269935,-146.9114345743273,21.07684150287373,0.32548586590269935,-59.17170677465626,6.614167551903746,0.32548586590269935,381.41998578647195,5.429299458221444,0.5362639706129531,-322.248279011812,6.767915713455461,0.5611340362873486
2019-01-15 21:00:00,1.8403324526587597,1.171023854612353,0.0,1.8403324526587597,1.171023854612353,0.0,1.7903324526587596,0.05,1.1564405212790196,0.014583333333333344,1.0,2526.387617126872,21.666666666666686,1.7783892497963263,534.9379552976601,1.6328114311006687,0.15752102155809097,0.1637534428296333,2903.8045508664413,15515.053100513727,0.0,0.0,24.444444444444457,0.0,0.0,0.05,0.0,0.0,0.0,0.0,0.0,21434.376404107203,21.666666666666686,0.0,5.302106764141436,2.2,6.529479366362011,1908.9579094512535,-102.48687616820787,-53.83191680497245,-555.6033815404311,0.0,12.077929402666665,0.0,-762.296759433424,-215.67764651256365,-395.3807509502036,-304.2383084596787,-179.0034779009431,0.183,0.002606006679944926,0.026896284787967992,0.0,0.3906988465160855,12.077929402666665,-20.07233873288161,0.09667070764878469,7.308779061342205,0.0018681800826930888,25.80067539660529,0.9873818468092223,0.1259578335424211,-412.62177835251265,-224.80305311335533,0.0,-1558.9918094531934,1.1987638591092902,0.06867587875583193,0.0,-473.527032317966,1.1112665045397223,0.06867587875583193,0.0,-5139.319485188228,-1.936312146422996,0.0672846125515661,0.0,-415.70506835026134,3.663883231203347,0.06867587875583193,0.0,-40.67546988053816,2.116098459681794,0.06867587875583193,11.812136261257,20.301867454705214,0.32548586590269935,-68.0854452192371,20.446600492558066,0.5611340362873486,170.10837644501032,20.032156299884104,0.2805103236939845,218.23275472040046,17.380857431209783,0.32548586590269935,13.020458792774011,18.960704378406437,0.32548586590269935,-192.87466542163068,20.663032891596078,0.32548586590269935,-152.2136155785752,20.987604090533612,0.32548586590269935,-40.94277609483356,5.041482409089056,0.32548586590269935,363.70524544523687,4.025226358184807,0.5362639706129531,-322.7624693503993,5.352901102622069,0.5611340362873486
2019-01-15 22:00:00,2.030079267671887,1.2935881891519778,0.0,2.030079267671887,1.2935881891519776,0.0,1.980079267671887,0.05,1.2790048558186442,0.014583333333333344,1.0,2736.4804147417435,21.666666666666686,1.74206730364807,579.4230575903462,1.8059898436516135,0.17408942402027358,0.18444559491168885,3141.8140483118164,14935.355565575506,0.0,0.0,24.444444444444457,0.0,0.0,0.05,0.0,0.0,0.0,0.0,0.0,21434.376404107203,21.666666666666686,0.0,4.219656087245109,0.8000000000000002,6.529479366362011,2060.242046720178,-134.03937923519604,-64.01023351203987,-599.2384442251582,0.0,12.077929402666665,0.0,-778.994170790798,-241.40162873397875,-453.27131712575203,-326.0582713655079,-209.34022251453112,0.183,0.002861398870726631,0.026896284787967992,0.0,0.39408100530385803,12.077929402666665,-25.067619687034064,0.09716388161027534,7.322485658152937,0.0018767227975493045,24.909911203924118,0.9879078965069286,0.13367987661833,-495.0636277845291,-218.39880904101312,0.0,-1652.384753264895,-0.06620790205208862,0.06867587875583193,0.0,-493.3826580165329,-0.23669302860307778,0.06867587875583193,0.0,-5402.074746057283,-3.1805538733882583,0.0672846125515661,0.0,-433.184434626979,2.46063368056836,0.06867587875583193,0.0,-42.287545910627834,0.8126799588430954,0.06867587875583193,30.18780153692575,20.15127497793159,0.32548586590269935,-61.33103016106215,20.325622481568335,0.5611340362873486,150.20921925889525,19.957187175494393,0.2805103236939845,232.08972318568598,17.0773691304658,0.32548586590269935,13.731390265564853,18.774472391845602,0.32548586590269935,-207.45180889288386,20.57931813833175,0.32548586590269935,-157.43529519312523,20.90153435494933,0.32548586590269935,-27.208430006584436,3.8962919794335247,0.32548586590269935,345.4166422256048,3.020172872034406,0.5362639706129531,-318.2082122190169,4.319450150183105,0.5611340362873486
2019-01-15 23:00:00,0.05,0.014583333333333344,0.0,0.05,0.014583333333333344,0.0,0.0,0.05,0.0,0.014583333333333344,1.0,0.0,18.33333333333337,0.0,0.0,0.0,0.0,0.0,0.0,14600.39861283279,0.0,0.0,24.444444444444457,0.0,0.0,0.05,0.0,0.0,0.0,0.0,0.0,21434.376404107203,20.18381624508935,0.0,2.2403174022784147,-0.3,6.529479366362011,-633.1198734702144,-541.8758543686844,-60.10537975551517,-590.4001225014296,-0.6604830009562312,12.077929402666665,0.0,-504.5436815014963,146.62649424913062,-261.15188919138234,-311.6140789768131,-27.520638151605798,0.183,0.0027268227296558764,0.026896284787967992,2.7767376808345204e-05,0.3926665368365352,12.077929402666665,5.968182385019885,0.10711884830109869,6.68038488015993,0.0018863889630554467,24.997603739044177,0.9929788009869075,0.1136596989664972,-323.26107697051106,-218.61477739817337,0.0,-1500.423786884379,-1.2477379674470965,0.06867587875583193,0.0,-446.7828856109344,-1.415560877115141,0.06867587875583193,0.0,-4897.341125926376,-4.374264023100298,0.0672846125515661,0.0,-410.33192416505096,1.3562327498866507,0.06867587875583193,0.0,-40.05358520605248,-0.2232838342955731,0.06867587875583193,35.18208359932214,19.417843672770896,0.32548586590269935,-88.5729449273149,19.652596390415187,0.5611340362873486,165.0156029665753,19.207597667146143,0.2805103236939845,247.67737889879075,16.116115823298095,0.32548586590269935,15.452392264554332,17.857955067071376,0.32548586590269935,-245.07084707268768,19.92613690244492,0.32548586590269935,-129.68366572923648,20.063948635800354,0.32548586590269935,-29.8127969165627,2.1679632552467867,0.32548586590269935,347.3839567933672,1.2487686114622951,0.5362639706129531,-317.5711598767996,2.5750719147739414,0.5611340362873486
2019-01-16 00:00:00,0.29219326264015527,0.17102472637288174,0.0,0.29219326264015527,0.1710247263728817,0.0,0.24219326264015525,0.05,0.1564413930395484,0.014583333333333344,1.0,364.732541639129,18.33333333333337,0.825016546552806,77.22856094301234,0.22092220689643405,0.021271055743721217,0.02296560358540772,420.6900468384202,15435.424939995706,0.0,0.0,24.444444444444457,0.0,0.0,0.05,0.0,0.0,0.0,0.0,0.0,21434.376404107203,18.546358619173237,0.0,1.096940451776193,1.4,6.529479366362011,-161.30249703234392,-64.30013816268807,-39.950143997158605,-490.61258637466074,0.0,12.077929402666665,0.0,-249.2327730221165,347.55324570154136,-191.55072790890796,-255.26996962684458,70.00071321515487,0.183,0.0021665653281377085,0.026896284787967992,0.0,0.3848793246850684,12.077929402666665,-7.55023770232026,0.11873531647050824,5.938907660111492,0.001893660008917575,11.467947175407705,0.9967359742125264,0.09591763012145388,36.06248856393784,-177.59118766963823,0.0,-1315.4559577076282,0.19385887311577862,0.06867587875583193,0.0,-376.8918729324236,-0.08314200439173397,0.06867587875583193,0.0,-4362.680575447238,-3.0162345897971936,0.0672846125515661,0.0,-371.1683808519093,2.62842066301276,0.06867587875583193,0.0,-36.13954473809278,1.2088259610319072,0.06867587875583193,78.57045663015961,18.165313479094245,0.32548586590269935,-86.82095043301064,18.498913465185886,0.5611340362873486,120.29697684035382,18.131477301539977,0.2805103236939845,219.41797521142388,15.319394754258116,0.32548586590269935,15.48000793866981,16.683163429413106,0.32548586590269935,-220.34296446672792,18.735088536652288,0.32548586590269935,-126.60150172087108,18.904995088643474,0.32548586590269935,-8.57543831693741,1.2313946830272016,0.32548586590269935,272.3297016106232,0.6354999264675417,0.5362639706129531,-263.75426329368116,1.715428876607921,0.5611340362873486
2019-01-16 01:00:00,0.8593906388309013,0.5373980378860703,0.0,0.8593906388309014,0.5373980378860703,0.0,0.8093906388309013,0.05,0.5228147045527369,0.014583333333333344,1.0,1230.7479584601642,18.33333333333337,1.9230484225566722,260.59888511256383,0.738164229009742,0.07122640982115934,0.07698570378157023,1420.1204337515687,16132.421548615222,0.0,0.0,24.444444444444457,0.0,0.0,0.05,0.0,0.0,0.0,0.0,0.0,21434.376404107203,18.33333333333337,0.0,1.7644547887980764,3.05,6.529479366362011,727.2846646238193,270.8165075677727,-32.15369682683015,-434.2153814411757,0.0,12.077929402666665,0.0,-270.6129780193553,141.60695111551266,-315.3958781756584,-230.75581235787664,-34.06058340044975,0.183,0.001992770937296825,0.026896284787967992,0.0,0.3825777655635897,12.077929402666665,-49.17214497100572,0.12037869348723432,5.839746604598369,0.0018958484916066487,10.1243753151526,0.9968459551649302,0.10613226624130725,144.25270441626586,-134.03508196105702,0.0,-1320.1310353145886,1.854991250586366,0.06867587875583193,0.0,-361.52236358881345,1.434457262020782,0.06867587875583193,0.0,-4397.380903295072,-1.2769380622202076,0.0672846125515661,0.0,-359.4456179522633,4.049406785864033,0.06867587875583193,0.0,-34.865328404915566,2.6798962594329025,0.06867587875583193,108.67899001344867,17.585446719618105,0.32548586590269935,-50.817836875452244,17.925905444628786,0.5611340362873486,51.1747550423422,17.74403915692132,0.2805103236939845,187.60376659544005,15.240288319371059,0.32548586590269935,14.05725042652792,16.31933103298967,0.32548586590269935,-161.78841579074154,18.12342305383679,0.32548586590269935,-148.90850941156359,18.497011015683217,0.32548586590269935,20.28932170468723,1.7461305137426812,0.32548586590269935,188.65805063195052,1.567088042716416,0.5362639706129531,-208.94737233663326,2.3641711404347485,0.5611340362873486
2019-01-16 02:00:00,0.9238048000967509,0.579005475723331,0.0,0.9238048000967509,0.579005475723331,0.0,0.873804800096751,0.05,0.5644221423899977,0.014583333333333344,1.0,1420.9304341655595,18.33333333333337,2.077343809715409,300.8681707905034,0.7967794405148693,0.07702535958188168,0.08504716694198748,1644.7732453741812,18237.54869313523,0.0,0.0,24.444444444444457,0.0,0.0,0.05,0.0,0.0,0.0,0.0,0.0,21434.376404107203,18.33333333333337,0.0,2.842960010994732,5.0,6.529479366362011,960.1382192207899,482.91357262577674,-25.930937421304687,-376.4171543316969,0.0,12.077929402666665,0.0,-304.9615677616204,16.6847999804652,-372.630409709269,-204.40863303144502,-104.30189589152565,0.183,0.001821626900364328,0.026896284787967992,0.0,0.3803113050789742,12.077929402666665,-70.52205259443471,0.12073170796120108,5.846046227284953,0.0019014251282390277,14.174520589107228,0.9968425927281662,0.12641083257325908,304.10675123321664,-122.06134939794337,0.0,-1263.2496079308128,3.500803118781517,0.06867587875583193,0.0,-340.7816168345118,3.0609360725723076,0.06867587875583193,0.0,-4358.042664319223,0.20625116805040025,0.0672846125515661,0.0,-349.85672070463505,5.655854290852155,0.06867587875583193,0.0,-33.863217140222865,4.336929286897385,0.06867587875583193,114.79515618293948,17.387516625176726,0.32548586590269935,-24.190023655633922,17.695188731263208,0.5611340362873486,24.19218791269571,17.60874321622465,0.2805103236939845,159.65707663016553,15.443320931386676,0.32548586590269935,13.007670318238988,16.247292764827574,0.32548586590269935,-131.64641916281263,17.886918926986812,0.32548586590269935,-155.81564822559076,18.345529668958118,0.32548586590269935,30.397548517678963,2.5795377508375434,0.32548586590269935,164.28565605280903,2.535724501558924,0.5362639706129531,-194.68320457048407,3.2496552712956044,0.5611340362873486
2019-01-16 03:00:00,1.0965571756782588,0.690592486824529,0.0,1.0965571756782586,0.6905924868245289,0.0,1.0465571756782586,0.05,0.6760091534911955,0.014583333333333344,1.0,1639.8517555502228,18.33333333333337,2.0252071869407002,347.2226269470595,0.9547802677805282,0.09177690789773046,0.10256961247896448,1895.2974745995518,17153.213301938893,0.0,0.0,24.444444444444457,0.0,0.0,0.05,0.0,0.0,0.0,0.0,0.0,21434.376404107203,18.33333333333337,0.0,4.21495629287005,3.65,6.529479366362011,1127.8217283930462,141.1898984448481,-32.6562970601131,-416.3884057510521,0.0,12.077929402666665,0.0,-330.6828349258849,-43.02295281848689,-393.6938459424826,-225.02774089766274,-144.87822105879852,0.183,0.002016500491971558,0.026896284787967992,0.0,0.38289201605663503,12.077929402666665,-75.06325374867812,0.12119878181473837,5.851073887111124,0.0019099161054355572,62.168660783518604,0.9962604635639598,0.13628651681880488,-102.08505522824329,-103.94767327396814,0.0,-1473.1571979376836,2.9236474656872247,0.06867587875583193,0.0,-403.9775464806395,2.465408772836449,0.06867587875583193,0.0,-4782.263910403937,0.19747968866810134,0.0672846125515661,0.0,-363.28069957180145,4.74736554743457,0.06867587875583193,0.0,-36.14515845412498,3.486054240328571,0.06867587875583193,108.19088628123475,17.28341038927572,0.32548586590269935,-11.092909974521172,17.55277960885974,0.5611340362873486,8.5473132414502,17.517652094281186,0.2805103236939845,169.096838294155,15.188133412687504,0.32548586590269935,11.702088968838966,16.26860059380852,0.32548586590269935,-128.35323525247975,17.7622960912915,0.32548586590269935,-158.0909815586755,18.237444963780494,0.32548586590269935,35.84460582187847,3.859350219583107,0.32548586590269935,133.6249336406032,3.9196469294785685,0.5362639706129531,-169.46953946247547,4.515004382559601,0.5611340362873486
2019-01-16 04:00:00,1.4216919663560499,0.9006088143836852,0.0,1.4216919663560497,0.9006088143836851,0.0,1.3716919663560496,0.05,0.8860254810503517,0.014583333333333344,1.0,1961.4191972636866,18.33333333333337,1.8048367347668524,415.3113986756541,1.25106535228704,0.12062661406900967,0.1337463680160834,2256.1039818703307,13621.005593332524,0.0,0.0,24.444444444444457,0.0,0.0,0.05,0.0,0.0,0.0,0.0,0.0,21434.376404107203,18.33333333333337,0.0,3.2346547019076217,-0.25000000000000006,6.529479366362011,1323.2997933795712,-286.42555534991635,-51.24457031285096,-534.6140339435487,0.0,12.077929402666665,0.0,-357.9613095649549,-86.86840636010552,-416.8713614473076,-287.26685637131135,-174.8113010135379,0.183,0.00257148980432406,0.026896284787967992,0.0,0.3902417395315288,12.077929402666665,-64.33872903038232,0.12384586350063294,5.914760091610838,0.001946145865026183,112.7860864369856,0.9990838118859517,0.13941297225569035,-522.363020474213,-179.37393355135742,0.0,-1376.451027099281,-0.8674566727851188,0.06867587875583193,0.0,-403.7094151583187,-1.0761927021119904,0.06867587875583193,0.0,-4472.9979333930505,-3.343473583818676,0.0672846125515661,0.0,-363.57942997995394,1.305852905017529,0.06867587875583193,0.0,-35.47027011113513,-0.09579132795948575,0.06867587875583193,98.0907218234037,17.16760162726608,0.32548586590269935,-9.279457493674515,17.410760534734525,0.5611340362873486,-11.70691852869883,17.415111389816104,0.2805103236939845,213.36284431340445,14.423320658911864,0.32548586590269935,12.45588904529974,16.04581774686788,0.32548586590269935,-140.48521138279406,17.645503284284242,0.32548586590269935,-162.43786777693924,18.11897274303491,0.32548586590269935,-9.946810604221112,2.8145190234982502,0.32548586590269935,275.87417776425866,2.209724979714307,0.5362639706129531,-265.9273671600326,3.2828199390264503,0.5611340362873486
2019-01-16 05:00:00,1.5469302697381824,0.9815047667707686,0.0,1.5469302697381822,0.9815047667707686,0.0,1.4969302697381823,0.05,0.9669214334374352,0.014583333333333344,1.0,2113.1680346453713,18.33333333333337,1.7791157225683067,447.4427360197126,1.3652254902091154,0.13170477952906687,0.14717779442075815,2428.905991136017,13169.64261426095,0.0,0.0,24.444444444444457,0.0,0.0,0.05,0.0,0.0,0.0,0.0,0.0,21434.376404107203,18.33333333333337,0.0,1.6951564378315094,-1.1,6.529479366362011,1443.8035386065123,-151.3163471798316,-56.2617221386794,-560.9655248191722,0.0,12.077929402666665,0.0,-378.57327347384256,-116.58117536699321,-450.0149965811706,-302.0590702200652,-196.98540253348068,0.183,0.0026975477713915424,0.026896284787967992,0.0,0.391911125191995,12.077929402666665,-64.21517848367384,0.12648914092636687,5.966679706479438,0.001986255577163732,110.47061547482147,0.9998753553167183,0.1331689323152573,-400.8509147189392,-197.90816848060499,0.0,-1303.6024567806446,-1.8976958641883879,0.06867587875583193,0.0,-389.4577201106384,-2.0328341888949493,0.06867587875583193,0.0,-4285.695245807113,-4.5120080863362215,0.0672846125515661,0.0,-367.7005542138588,0.568637549258239,0.06867587875583193,0.0,-35.1611778763985,-0.9532464092519363,0.06867587875583193,103.57353940761713,17.067607633062533,0.32548586590269935,-5.508790061917655,17.316916270447738,0.5611340362873486,-21.864025312508844,17.346238164694604,0.2805103236939845,221.11702146976853,14.223813824862154,0.32548586590269935,13.622287749364586,15.830158907547547,0.32548586590269935,-148.09241465348956,17.572234435041658,0.32548586590269935,-162.84761859883025,18.03434529040803,0.32548586590269935,-20.208535916892956,1.386599786423036,0.32548586590269935,310.203869975934,0.616031760351767,0.5362639706129531,-289.99533405903844,1.8232404286627717,0.5611340362873486
2019-01-16 06:00:00,5.468530053350358,3.5146079852669994,0.0,5.468530053350357,3.5146079852669994,0.0,5.4185300533503575,0.05,3.500024651933666,0.014583333333333344,1.0,6854.576221086748,21.666666666666686,1.6728361196468533,1451.3897088801182,3.6439790937845986,0.3738256153516355,0.42636011358945203,7932.140314615231,13005.639379986258,1.4007253442141239,0.0,24.444444444444457,0.0,0.0,0.05,0.0,0.0,0.0,0.0,0.0,21434.376404107203,21.43846679214997,-0.11976159478649878,2.075508785986489,-1.1,6.529479366362011,6017.333185446346,747.3999677999205,-78.19689815400423,-649.1068673934493,0.0,12.077929402666665,0.0,-990.6243919944683,-949.8989208214374,-958.6215772665378,-373.4542863071054,-632.3441071617997,0.183,0.003236153125032208,0.026896284787967992,0.0,0.39904387590133106,12.077929402666665,-122.01719949561488,0.10623762673075543,7.367744642358755,0.002025696133376164,104.61407050589283,0.9868371342228651,0.14235306291258715,-484.1514413133217,-219.83829976687593,0.0,-1258.9963185854817,-1.9460373375495872,0.06867587875583193,0.0,-370.3062535252971,-2.1299887728366773,0.06867587875583193,0.0,-4157.483171665357,-4.559400354401775,0.0672846125515661,0.0,-389.14290984531584,0.9952131464043261,0.06867587875583193,0.0,-34.37035903278018,-0.9793309233996154,0.06867587875583193,128.23402262964828,18.35297483698549,0.32548586590269935,64.57869007408553,18.531345109501277,0.5611340362873486,-80.19328865973317,18.78745274421345,0.2805103236939845,209.84141036568585,15.763000329659734,0.32548586590269935,13.265633909061712,17.22776414454835,0.32548586590269935,-114.35694078297202,18.847522381389428,0.32548586590269935,-221.36952753577972,19.6195754934171,0.32548586590269935,-5.3049123281911,1.131237224370456,0.32548586590269935,333.76449273876824,0.44606588513753226,0.5362639706129531,-328.45958041057384,1.7814518001598671,0.5611340362873486
2019-01-16 07:00:00,3.036875915151273,1.9439145785909724,0.0,3.036875915151273,1.9439145785909722,0.0,2.9868759151512734,0.05,1.929331245257639,0.014583333333333344,1.0,4068.3196182574475,21.666666666666686,1.7140764005762927,861.4270285899303,2.724015043827566,0.262860871323707,0.28376767139405623,4666.88577552367,13501.459874527089,0.0,0.0,24.444444444444457,0.0,0.0,0.05,0.0,0.0,0.0,0.0,0.0,21434.376404107203,21.666666666666686,0.0,1.6530958885388842,-0.55,6.529479366362011,3301.7747514832927,340.1679423717811,-75.78137549047932,-638.8215508018933,0.0,10.493938661333333,13.300050339250793,-968.2018221166232,-663.8858757003884,-802.3115298898392,-363.8465730070848,-514.0795633967103,0.159,0.003186528200227166,0.026896284787967992,0.0,0.3983866930211177,10.493938661333333,-62.43587914311546,0.10646919437188429,7.5060337737937495,0.002060638904262666,82.18748256595995,0.9860867214666915,0.13321524866505338,-321.38816910480733,-199.87091711334182,529.9478344577877,-1340.1886153547478,-1.089309763829865,0.06867587875583193,190.30288929168262,-397.2629043636719,-1.2558135550631737,0.06867587875583193,754.6871099006271,-4193.88816280503,-3.7147814203609766,0.0672846125515661,22.997355225902968,-388.1971111014106,1.5906375795432308,0.06867587875583193,3.642047477876817,-34.2740496237738,-0.3680431206285667,0.06867587875583193,95.93309907286306,19.078083105266785,0.32548586590269935,33.99874596414993,19.235569395051154,0.5611340362873486,21.123817299302875,19.258235175387032,0.2805103236939845,217.15800699196964,16.33068782111114,0.32548586590269935,14.936297071173218,17.708004921560775,0.32548586590269935,-204.54341686097152,19.65398579303263,0.32548586590269935,-178.60654953848953,20.07668815596503,0.32548586590269935,5.200881243814471,0.8533871730356554,0.32548586590269935,297.12682329284445,0.3303270060780505,0.5362639706129531,-302.327704536654,1.5426858634354101,0.5611340362873486
2019-01-16 08:00:00,2.759149667119939,1.7645211443887052,0.0,2.7591496671199387,1.7645211443887052,0.0,2.709149667119939,0.05,1.7499378110553718,0.014583333333333344,1.0,3718.798054415211,21.666666666666686,1.727266184633783,787.4192439464795,2.470810054347098,0.2383396127728408,0.2554317083208723,4267.87768558885,13955.670726851093,0.0,0.0,24.444444444444457,0.0,0.0,0.05,0.0,0.0,0.0,0.0,0.0,21434.376404107203,21.666666666666686,0.0,1.8687994611495773,0.0,6.529479366362011,3027.143852477435,412.6320754108748,-67.26709945574086,-621.8821515640186,0.0,4.949971066666667,96.32750261917448,-939.6165369368475,-511.5563226245649,-754.6751521720986,-355.52784372755576,-454.7931535368137,0.07500000000000001,0.002909365095068124,0.026896284787967992,0.0,0.3947162220137985,4.949971066666667,-7.454921984683818,0.10775821425897415,7.532611804983859,0.0020857461995499706,61.8606731526412,0.9860324087677174,0.10793462913238663,-213.40788285122198,-161.37928568438275,3801.860752748958,-2258.3328168606354,1.9711266829029184,0.06867587875583193,1220.2822586473162,-675.0361797193343,1.7500177178188538,0.06867587875583193,6193.939836004474,-5743.313485124329,-0.17250126483736322,0.0672846125515661,166.5616098624513,-415.3899638501063,2.562447592665551,0.06867587875583193,26.677026175639465,-39.28324397498406,0.8218090896363306,0.06867587875583193,102.66631831328208,19.278208371974976,0.32548586590269935,20.797662148582216,19.473740966064025,0.5611340362873486,61.991388461841176,19.40148265491969,0.2805103236939845,209.67974863608828,16.655648787150167,0.32548586590269935,15.056025820554764,17.913595264369334,0.32548586590269935,-250.14175595091098,19.947717371834795,0.32548586590269935,-160.04938742943528,20.20912360745607,0.32548586590269935,23.111652243676097,1.2270755803057503,0.32548586590269935,227.97637370699314,0.9967692150499592,0.5362639706129531,-251.08802595066444,1.9623714908220213,0.5611340362873486
2019-01-16 09:00:00,2.6667477473955614,1.7048354005177548,0.0,2.6667477473955614,1.7048354005177548,0.0,2.616747747395562,0.05,1.6902520671844214,0.014583333333333344,1.0,3525.1330461353073,21.666666666666686,1.6935596870591074,746.4125659372778,2.3866481253894936,0.23009962200606798,0.24557018379244386,4041.445990066517,13296.123191241288,0.0,0.0,24.444444444444457,0.0,0.0,0.05,0.0,0.0,0.0,0.0,0.0,21434.376404107203,21.666666666666686,0.0,2.626088266441294,-0.55,6.529479366362011,2880.301295036069,179.83159486034128,-74.8881549968591,-639.3477262683556,0.0,2.96998264,233.4952110249273,-919.4697653468102,-434.0529576442408,-719.1604491017778,-368.14839199251685,-416.81794006316215,0.045,0.0031408580500150024,0.026896284787967992,0.0,0.3977818832209191,2.96998264,66.43414752597636,0.10916190588135961,7.569118008191525,0.002110472008903048,90.50561758166944,0.9871978452459302,0.13206586593277045,-474.78160744593373,-91.79936363100266,9297.883337694186,-3875.6738456069065,6.15176867654825,0.06867587875583193,2658.513954449489,-1088.9985749473444,5.208394170389391,0.06867587875583193,17544.326595231432,-9019.825861325757,6.376832753488885,0.0672846125515661,403.7407509383842,-450.31150889589935,3.0020492579345306,0.06867587875583193,76.14411201235238,-48.821764297360104,1.91588941893469,0.06867587875583193,101.8597367923788,19.405837760767213,0.32548586590269935,10.555235095476382,19.617236672246744,0.5611340362873486,83.74624765950817,19.48899347462411,0.2805103236939845,207.16977515814628,16.819574709471077,0.32548586590269935,14.669644584396549,18.0824283727318,0.32548586590269935,-268.82104470569004,20.10522443696139,0.32548586590269935,-149.1795945842141,20.28648859213334,0.32548586590269935,48.77337829221971,2.364961078638425,0.32548586590269935,107.21108042152724,2.587984814155405,0.5362639706129531,-155.984458713742,3.1151409446584406,0.5611340362873486
2019-01-16 10:00:00,2.576566286981874,1.6465839316714903,0.0,2.576566286981874,1.6465839316714903,0.0,2.526566286981874,0.05,1.6320005983381567,0.014583333333333344,1.0,3375.6897985953537,21.666666666666686,1.679146855069575,714.7694147715118,2.304213034681429,0.22235325230044506,0.23513432399930628,3868.1059610664206,12925.189111523692,0.0,0.0,24.444444444444457,0.0,0.0,0.05,0.0,0.0,0.0,0.0,0.0,21434.376404107203,21.666666666666686,0.0,3.4384393380681786,-0.55,6.529479366362011,2756.663465961354,-110.35578551632484,-93.06228853691684,-639.7070178660731,0.0,2.96998264,314.5118592838839,-904.2344479123564,-386.06056592225747,-679.6647400591025,-371.0396979284757,-385.70788496876656,0.045,0.003923902320382455,0.026896284787967992,0.0,0.4081517385094933,2.96998264,110.77299112899044,0.11141921102054078,7.623289065534382,0.0021516819811222554,120.15537080605469,0.9883533993455379,0.19201768915369938,-812.2114982664204,-12.913702021416244,12672.7317230115,-4953.907436196054,9.02290419395979,0.06867587875583193,3102.405539229041,-1235.863927400276,6.558618883493267,0.06867587875583193,26108.70810572378,-12062.205744140516,11.950152384841362,0.0672846125515661,543.8280883317412,-474.8351317126741,3.501588899765041,0.06867587875583193,106.46060831523981,-55.506296239648485,2.8703272830625925,0.06867587875583193,93.96584857844536,19.52449141696439,0.32548586590269935,1.8195824561151919,19.73313698333774,0.5611340362873486,101.89943965012996,19.557943785212792,0.2805103236939845,203.02624404829578,16.980121745377872,0.32548586590269935,14.188791195029536,18.235901645572373,0.32548586590269935,-274.22354218119267,20.214748129707665,0.32548586590269935,-140.67636374682291,20.3494819378118,0.32548586590269935,75.96146564918169,3.6932407394699522,0.32548586590269935,-28.503557532925818,4.396143427550295,0.5362639706129531,-47.45790811625205,4.441663407775268,0.5611340362873486
2019-01-16 11:00:00,2.399300917470062,1.5320818144705624,0.0,2.399300917470062,1.5320818144705624,0.0,2.3493009174700616,0.05,1.5174984811372287,0.014583333333333344,1.0,3188.990821203698,21.666666666666686,1.7075000554095685,675.2377259107044,2.1425612764749586,0.20673964099510314,0.21575336332039033,3657.4889061193,13411.538667477345,0.0,0.0,24.444444444444457,0.0,0.0,0.05,0.0,0.0,0.0,0.0,0.0,21434.376404107203,21.666666666666686,0.0,4.548941049798885,0.55,6.529479366362011,2632.484258729292,-164.87016427501737,-89.96154334299503,-604.8196402828671,0.0,2.96998264,361.6871769431904,-891.3313900608567,-353.6808732679586,-639.4239374274207,-354.91144831712097,-360.17118980547826,0.045,0.003989791603555797,0.026896284787967992,0.0,0.4090243102879124,2.96998264,135.3046385114558,0.11355260207678425,7.660657633970902,0.002195508678520353,123.81420432426633,0.9872257928126505,0.20492499299857517,-876.3394807128573,36.23159052713565,14469.808587697376,-5560.719893589953,11.4735580604174,0.06867587875583193,2746.5047386788524,-1137.879236300546,6.723765879417348,0.06867587875583193,32310.23264787225,-14250.438907348456,16.35820947492765,0.0672846125515661,625.3997749368762,-487.82678858666475,4.7146443127552695,0.06867587875583193,117.32169400860069,-57.92342806893921,4.1833610760940925,0.06867587875583193,84.60006353434515,19.64015475468265,0.32548586590269935,-3.4806068723801826,19.836746428994523,0.5611340362873486,120.09944879918366,19.620598477053882,0.2805103236939845,188.60557617143198,17.275305279334404,0.32548586590269935,13.599315031615594,18.394443080471834,0.32548586590269935,-270.61248872183546,20.302355090910417,0.32548586590269935,-132.81130794236051,20.409090805811772,0.32548586590269935,98.22572239723132,5.012582049317995,0.32548586590269935,-116.4125044486922,6.051274746196522,0.5362639706129531,18.186782051465222,5.804575395478785,0.5611340362873486
2019-01-16 12:00:00,2.219760682291523,1.4161102792106797,0.0,2.219760682291523,1.4161102792106797,0.0,2.169760682291523,0.05,1.4015269458773463,0.014583333333333344,1.0,3002.8258724211346,21.666666666666686,1.7430345207944835,635.819112403133,1.9787864947932567,0.1909741874982662,0.19738762645759253,3447.6707973260013,14160.065917330257,0.0,0.0,24.444444444444457,0.0,0.0,0.05,0.0,0.0,0.0,0.0,0.0,21434.376404107203,21.666666666666686,0.0,6.095543584470192,1.6500000000000001,6.529479366362011,2504.1292195141154,-394.96345695200426,-102.8578998916647,-570.4186115016245,0.0,2.96998264,436.6588943305399,-877.1455410303101,-324.51506242936745,-593.6103944531021,-339.9549650616995,-333.99051584115074,0.045,0.004885694323359734,0.026896284787967992,0.0,0.42088875002469417,2.96998264,171.60987584626997,0.11572071471356855,7.697777425409874,0.0022404196704016196,110.68237802808459,0.9859402260145333,0.2420439629262255,-1129.0911514778652,98.30858212272786,17314.26462523048,-6507.699444837902,14.70691200832568,0.06867587875583193,3041.599488804118,-1222.1059098055969,8.41955363152623,0.06867587875583193,39700.57690829737,-17092.28673964296,21.679525678005902,0.0672846125515661,755.0347141043325,-510.10754929419835,6.100734702254447,0.06867587875583193,140.68185960016845,-63.370012592023166,5.894678109355267,0.06867587875583193,72.7126596582412,19.766695176954666,0.32548586590269935,-8.446935724794214,19.944990654595014,0.5611340362873486,139.0213784074161,19.687291869207264,0.2805103236939845,171.88272603808218,17.60660275585713,0.32548586590269935,12.714015855964648,18.589545009619833,0.32548586590269935,-263.2716551410525,20.388706908434845,0.32548586590269935,-124.61218909385916,20.472513201502352,0.32548586590269935,134.4770256463891,6.6985938952317055,0.32548586590269935,-232.5802536935052,8.221993548242981,0.5362639706129531,98.103228047121,7.616798919740815,0.5611340362873486
2019-01-16 13:00:00,2.0850331722402986,1.329084904832372,0.0,2.0850331722402986,1.3290849048323723,0.0,2.035033172240299,0.05,1.314501571499039,0.014583333333333344,1.0,2853.5270691025385,21.666666666666686,1.7665599915458428,604.2065458934601,1.8559858582913153,0.17904731394898338,0.18489404515693197,3278.6863010470156,14794.526677114034,0.0,0.0,24.444444444444457,0.0,0.0,0.05,0.0,0.0,0.0,0.0,0.0,21434.376404107203,21.666666666666686,0.0,7.191963208605747,2.2,6.529479366362011,2374.4298272708984,-823.5918335535008,-131.7775370131092,-553.9109067011866,0.0,2.96998264,507.1826366516664,-862.9051091283106,-294.009462389804,-540.1288734659564,-331.8242465425204,-304.49044615678457,0.045,0.006398851427522844,0.026896284787967992,0.0,0.44092748958623407,2.96998264,203.62121924265554,0.11752008168999688,7.73519891612494,0.0022753034777906514,85.3000986079259,0.985958784115362,0.29738657127291807,-1572.105324522337,144.3069450753759,20459.716071552157,-7821.584579145008,17.711516597704996,0.06867587875583193,4501.085446016546,-1744.9843152841866,12.527405527169016,0.06867587875583193,40563.798196253396,-18480.00138819368,22.87509299259792,0.0672846125515661,876.978579928103,-565.3766906228058,6.86288988561136,0.06867587875583193,139.28649339912207,-67.41017495793932,6.295294468505557,0.06867587875583193,55.655487138968844,19.904994286905715,0.32548586590269935,-16.01905272118238,20.05795730500281,0.5611340362873486,157.88475859060273,19.754341001366985,0.2805103236939845,164.03476639863973,17.816106676917112,0.32548586590269935,11.815830539973128,18.785938361832127,0.32548586590269935,-256.757376589271,20.476714358048053,0.32548586590269935,-116.61441335773064,20.537063688007944,0.32548586590269935,143.0500369341729,8.189998139269255,0.32548586590269935,-307.1235482105356,9.888864462159837,0.5362639706129531,164.07351127636892,9.034664430408702,0.5611340362873486
2019-01-16 14:00:00,2.0384508774455505,1.298995714863877,0.0,2.0384508774455505,1.298995714863877,0.0,1.988450877445551,0.05,1.2844123815305437,0.014583333333333344,1.0,2772.3922109641803,21.666666666666686,1.7560538331693472,587.0270304376102,1.8135385275121172,0.17491234993343382,0.18079617096589945,3184.506891468357,14655.694508764353,0.0,0.0,24.444444444444457,0.0,0.0,0.05,0.0,0.0,0.0,0.0,0.0,21434.376404107203,21.666666666666686,0.0,7.371940214635389,1.95,6.529479366362011,2280.4162126031224,-1112.687842571743,-145.49649072046816,-561.5509294993083,0.0,2.96998264,514.8727421113613,-854.2628904689317,-272.0381736899268,-490.4228992248935,-334.06053101468046,-278.9477783289085,0.045,0.006964430837477737,0.026896284787967992,0.0,0.4484174577238941,2.96998264,212.10143921871818,0.11904080764384324,7.766374849386112,0.0023049383392492505,83.72872885589531,0.9859017889294789,0.31254090278897556,-1795.6495286210768,95.93465561172364,20329.684901659915,-7973.124770779091,17.475747523971197,0.06867587875583193,5384.750821172033,-2089.7433898408026,14.591976227583448,0.06867587875583193,32412.67449467706,-16133.839139564156,18.11121601956531,0.0672846125515661,890.275678996919,-591.1206185952686,6.605934689772307,0.06867587875583193,103.59002138170499,-62.28239363092379,5.009604432629553,0.06867587875583193,35.23108728731198,20.021469520189154,0.32548586590269935,-25.08656764675616,20.1442454550183,0.5611340362873486,172.11382437052367,19.80018691476438,0.2805103236939845,169.77091536878737,17.809941212481146,0.32548586590269935,11.625786219128177,18.877484961178897,0.32548586590269935,-252.39658010719359,20.539342834785973,0.32548586590269935,-111.25846549180133,20.583999088593316,0.32548586590269935,89.77036392754687,8.567098738726633,0.32548586590269935,-200.8133575049399,9.64590469596951,0.5362639706129531,111.04299357739897,9.079857498460752,0.5611340362873486
2019-01-16 15:00:00,2.0123654915120097,1.2821462200887865,0.0,2.0123654915120097,1.2821462200887865,0.0,1.9623654915120097,0.05,1.2675628867554531,0.014583333333333344,1.0,2718.186657858257,21.666666666666686,1.7438938877150354,575.549532864519,1.7897169200431986,0.172648571468811,0.1783776566719366,3121.0876192539654,14433.576627083876,0.0,0.0,24.444444444444457,0.0,0.0,0.05,0.0,0.0,0.0,0.0,0.0,21434.376404107203,21.666666666666686,0.0,6.719181436135144,1.7,6.529479366362011,2227.410785304316,-825.1971617389613,-117.26882621640748,-569.4525799762946,0.0,2.96998264,453.9464083674675,-852.0935116488922,-262.83692206205376,-456.5914428424842,-334.95625911416784,-262.0602672358425,0.045,0.005538820715850514,0.026896284787967992,0.0,0.42953810285387667,2.96998264,192.97555099876087,0.12074099426028942,7.805164183146383,0.0023365363824948333,83.7909354609714,0.9864926440522638,0.2642590533538512,-1410.7274214822028,9.980726878722395,17699.812940532174,-7117.603027799458,15.306165057845574,0.06867587875583193,5593.120940381619,-2171.7396060260635,15.043025802726637,0.06867587875583193,22583.453582079437,-12493.742833857983,12.11873131244176,0.0672846125515661,784.9268642194877,-566.7630364545164,6.041111684072765,0.06867587875583193,70.53416665093825,-54.241254410122686,3.828103883347997,0.06867587875583193,18.660366559773017,20.094615646518616,0.32548586590269935,-32.78109969331393,20.193555063046258,0.5611340362873486,180.84874822703412,19.820964255538623,0.2805103236939845,178.83946296373585,17.722892849716295,0.32548586590269935,12.094458393534508,18.864256810342827,0.32548586590269935,-248.7929591303975,20.568862744216585,0.32548586590269935,-108.86897732036553,20.6093970081903,0.32548586590269935,18.442227683788193,7.946756729717415,0.32548586590269935,-26.63359156448981,8.144491611603778,0.5362639706129531,8.191363880707042,8.081778991291797,0.5611340362873486
2019-01-16 16:00:00,2.0425019499738606,1.301612449213646,0.0,2.042501949973861,1.3016124492136458,0.0,1.992501949973861,0.05,1.2870291158803124,0.014583333333333344,1.0,2758.2245963127275,21.666666666666686,1.7427708576132257,584.0271761152903,1.817197969688202,0.1753039802856589,0.1809986757436014,3166.947792142359,14355.325563259636,0.0,0.0,24.444444444444457,0.0,0.0,0.05,0.0,0.0,0.0,0.0,0.0,21434.376404107203,21.666666666666686,0.0,6.452965852097466,1.7,6.529479366362011,2234.269561307464,-430.9782888053635,-71.07175958178085,-569.0392130572841,0.0,3.563979167999999,259.1154952407529,-860.8931794951893,-272.91428500320063,-447.84242951358794,-327.0475263092652,-259.7781545608501,0.053999999999999986,0.0033589631644871903,0.026896284787967992,0.0,0.4006702492563582,3.563979167999999,112.59195846580138,0.1221876643703051,7.831483163157928,0.00236601586913382,82.55498439770268,0.9859047469916218,0.1849547642991768,-933.9855888199038,-81.01987610075004,10261.615160109413,-4907.07851667132,9.90904891564605,0.06867587875583193,3733.526601921506,-1671.2893073059824,11.090328457383341,0.06867587875583193,10832.755259983294,-8623.70504657884,5.455221148978149,0.0672846125515661,448.04124319750804,-491.4842449683348,4.903448666867699,0.06867587875583193,37.37594441562553,-46.184620480305306,2.858729452039612,0.06867587875583193,8.624992295236249,20.096982734005824,0.32548586590269935,-37.808732608566544,20.182177213648252,0.5611340362873486,180.9612767488162,19.800559777318213,0.2805103236939845,194.37775811517415,17.4894942174948,0.32548586590269935,12.547006282541709,18.79590845404292,0.32548586590269935,-247.51065639140762,20.546584183501817,0.32548586590269935,-111.19164444179333,20.599419567536962,0.32548586590269935,-31.564939106272142,7.263968480981905,0.32548586590269935,141.68308945964625,6.7478418614749485,0.5362639706129531,-110.11815035336889,7.222127430274226,0.5611340362873486
2019-01-16 17:00:00,2.2414381508098526,1.430112540609739,0.0,2.2414381508098526,1.430112540609739,0.0,2.191438150809853,0.05,1.4155292072764056,0.014583333333333344,1.0,2996.019431413519,21.666666666666686,1.7209668833755318,634.377914856571,1.9987122504721817,0.19272590033767117,0.20124632684146984,3437.671445932419,13892.416274826917,0.0,0.0,24.444444444444457,0.0,0.0,0.05,0.0,0.0,0.0,0.0,0.0,21434.376404107203,21.666666666666686,0.0,5.480158019308347,0.85,6.529479366362011,2352.6246602168785,-346.34705051517005,-67.37849040327382,-594.838586278247,0.0,6.533961808,32.32372649006801,-882.1259966167992,-312.91480822915094,-478.1308725748368,-330.94438025954383,-279.20333969805995,0.099,0.0030409356500898893,0.026896284787967992,0.0,0.3964586108766566,6.533961808,12.288343676880285,0.12370315494578446,7.858978218895732,0.002396957908916883,81.36930778732601,0.9852766636163894,0.1596705947871442,-787.5942139211887,-193.13075145055228,1311.4889099665056,-2017.7994940100775,1.4879598675993313,0.06867587875583193,561.4736278830212,-668.0969047652218,1.8535854537220469,0.06867587875583193,415.9572689046282,-5214.84966007109,-2.109345144848195,0.0672846125515661,55.89153434429015,-419.59460702468226,2.793132618498232,0.06867587875583193,2.2296729599999994,-39.43599329327714,1.0096602273778252,0.06867587875583193,9.245296842181839,19.989712594503548,0.32548586590269935,-39.12743443534297,20.07869333104729,0.5611340362873486,165.13993012698495,19.72204420693458,0.2805103236939845,221.1627105043036,17.01269341151857,0.32548586590269935,13.08747395125851,18.631257894718416,0.32548586590269935,-249.1525199100129,20.44404683379524,0.32548586590269935,-120.3554570793706,20.533839288125495,0.32548586590269935,-65.03115208477888,5.583230824878814,0.32548586590269935,331.2953886863207,4.426165602956534,0.5362639706129531,-266.26423660153876,5.5758080377375006,0.5611340362873486
2019-01-16 18:00:00,2.3599869908721005,1.5066875265543966,0.0,2.3599869908721005,1.5066875265543966,0.0,2.3099869908721002,0.05,1.4921041932210632,0.014583333333333344,1.0,3149.3805740034436,21.666666666666686,1.7150576474680754,666.8506421146571,2.1066906794832088,0.20329631138889187,0.21446785272615648,3612.9349047292085,13883.086180797813,0.0,0.0,24.444444444444457,0.0,0.0,0.05,0.0,0.0,0.0,0.0,0.0,21434.376404107203,21.666666666666686,0.0,3.712063765160252,0.3,6.529479366362011,2461.6726516039926,-167.62410891264423,-78.16037787036888,-612.3598692293491,0.0,10.691937504,0.0,-894.5045486038767,-344.75523856565917,-523.0806090917808,-339.52268396364536,-295.6442681069827,0.162,0.00343678378020692,0.026896284787967992,0.0,0.40170082767193444,10.691937504,-7.879612803732755,0.12515216522140743,7.89224360809591,0.00242373266957875,59.793754518815405,0.9858310370631931,0.16974660082930002,-607.325593981484,-227.1491570458174,0.0,-1509.3887715591636,-0.6371983600341038,0.06867587875583193,0.0,-466.37688264827176,-0.6521574120011976,0.06867587875583193,0.0,-4953.373656231259,-3.691589870943148,0.0672846125515661,0.0,-419.03739869295936,2.065556124232781,0.06867587875583193,0.0,-39.76451302630201,0.31832334467749074,0.06867587875583193,23.692688468549264,19.87371065173374,0.32548586590269935,-39.18656706078594,19.99535382167245,0.5611340362873486,149.86213811895044,19.665037174929235,0.2805103236939845,228.96959444385195,16.819159503822043,0.32548586590269935,13.99197456875006,18.450444474534034,0.32548586590269935,-250.11432079291117,20.36258657806953,0.32548586590269935,-127.21550774640443,20.4805532273392,0.32548586590269935,-56.08548629175731,3.5585281663218042,0.32548586590269935,376.7827676345496,2.369331389422904,0.5362639706129531,-320.6972813427876,3.7407965933146956,0.5611340362873486
2019-01-16 19:00:00,2.3508748277824543,1.500801650655917,0.0,2.3508748277824543,1.5008016506559172,0.0,2.300874827782454,0.05,1.4862183173225838,0.014583333333333344,1.0,3194.3738039847667,21.666666666666686,1.7483106340706733,676.3775200510754,2.0983838480524706,0.20249097972998362,0.21452441881171805,3668.260344305859,14660.864749260927,0.0,0.0,24.444444444444457,0.0,0.0,0.05,0.0,0.0,0.0,0.0,0.0,21434.376404107203,21.666666666666686,0.0,2.808272903011917,0.85,6.529479366362011,2523.330929209628,152.18358397789453,-71.76627939575364,-596.1022412733084,0.0,10.691937504,0.0,-901.3788518169192,-361.3898189451209,-564.680366911777,-331.9790543171547,-307.26893376466785,0.162,0.0032321201452633996,0.026896284787967992,0.0,0.39899046715016984,10.691937504,-13.866291610077123,0.12585274319423992,7.906830542998728,0.002437259125082495,1.8172095108541326,0.9858623159665,0.14541786698518028,-315.7245571742914,-208.4693788988895,0.0,-1434.8705397950346,-0.21686755043170394,0.06867587875583193,0.0,-428.17305268857643,-0.36730674598296786,0.06867587875583193,0.0,-4751.237815762074,-3.322205570803114,0.0672846125515661,0.0,-411.56636480390534,2.5551346321310127,0.06867587875583193,0.0,-38.468683067216595,0.7733042448436521,0.06867587875583193,42.916188775095115,19.784314614239733,0.32548586590269935,-37.20163671827468,19.945807913175532,0.5611340362873486,141.46135125516156,19.633507947060348,0.2805103236939845,220.6667579006344,16.886051331347684,0.32548586590269935,14.404456483573494,18.359740711653465,0.32548586590269935,-251.39232082917806,20.318899579257465,0.32548586590269935,-130.8547968670114,20.45049691573614,0.32548586590269935,-26.34549004792472,2.531351293605115,0.32548586590269935,329.94834165378705,1.6791636582758236,0.5362639706129531,-303.6028516058572,2.9378412776046523,0.5611340362873486
2019-01-16 20:00:00,2.4211765900774194,1.5462121030635065,0.0,2.4211765900774194,1.5462121030635063,0.0,2.3711765900774195,0.05,1.531628769730173,0.014583333333333344,1.0,3278.577038648226,21.666666666666686,1.741329451121313,694.206734331165,2.162643561174965,0.20853302890245481,0.22393560070551236,3764.250744076936,14721.381869544346,0.0,0.0,24.444444444444457,0.0,0.0,0.05,0.0,0.0,0.0,0.0,0.0,21434.376404107203,21.666666666666686,0.0,2.6970053075597877,0.25000000000000006,6.529479366362011,2594.374433726124,180.07028901629317,-66.22622786212136,-615.1222132347956,0.0,10.691937504,0.0,-908.582377996677,-373.1990442712722,-597.2439731189454,-341.8104126345157,-318.9447328943266,0.162,0.00289012434508514,0.026896284787967992,0.0,0.3944614167613783,10.691937504,-13.54610132918471,0.12536126010631077,7.896518977163116,0.002427802712835045,-29.8795054105352,0.985828616348458,0.11840243949640568,-316.6742136765131,-197.46223163835873,0.0,-1366.891865776311,-0.528764981763127,0.06867587875583193,0.0,-395.8628790697855,-0.7812313158969961,0.06867587875583193,0.0,-4432.729049197607,-3.277203912454047,0.0672846125515661,0.0,-393.834576676131,2.1508398140233393,0.06867587875583193,0.0,-36.11957588854093,0.34969244332154464,0.06867587875583193,55.66940009762651,19.706297806230335,0.32548586590269935,-35.71846175571809,19.89400519817307,0.5611340362873486,132.25852834088147,19.6002569532075,0.2805103236939845,224.9639102221769,16.775891463670543,0.32548586590269935,14.45840908992228,18.3039733214594,0.32548586590269935,-256.85690712467124,20.279379499896002,0.32548586590269935,-134.77487887021775,20.418560347026993,0.32548586590269935,-5.693181850194014,2.2247734649240076,0.32548586590269935,300.37801822643513,1.6076078910660714,0.5362639706129531,-294.684836376237,2.793380076675036,0.5611340362873486
2019-01-16 21:00:00,2.541180427015388,1.6237269241448837,0.0,2.541180427015388,1.6237269241448837,0.0,2.4911804270153883,0.05,1.6091435908115501,0.014583333333333344,1.0,3389.588864551151,21.666666666666686,1.7113842427685135,717.7124065248504,2.272029205810503,0.2191512212048853,0.2382394537530247,3888.1500498711157,14274.903456850314,0.0,0.0,24.444444444444457,0.0,0.0,0.05,0.0,0.0,0.0,0.0,0.0,21434.376404107203,21.666666666666686,0.0,2.1808139721440862,-0.85,6.529479366362011,2671.7656623783987,135.7482972902853,-72.16498678192801,-649.9102720366649,0.0,12.077929402666665,0.0,-916.1749696071172,-384.5211922542242,-625.7971601948609,-361.0584936340974,-330.9156153994487,0.183,0.0029869405089320653,0.026896284787967992,0.0,0.39574355322119353,12.077929402666665,-7.825872756825574,0.12507597759476285,7.897750627380915,0.002419348734339801,-20.346965195569297,0.9870136062680321,0.11532684025537994,-374.1337151836342,-207.83039405093092,0.0,-1117.345302967887,-1.3654941476864495,0.06867587875583193,0.0,-319.68644869487173,-1.6092653404531296,0.06867587875583193,0.0,-3505.782014485177,-3.6486872035711015,0.0672846125515661,0.0,-355.35647830757887,1.3957589784198206,0.06867587875583193,0.0,-30.966960447541563,-0.45221547096880965,0.06867587875583193,65.04570629458394,19.633087539504043,0.32548586590269935,-34.41772044598208,19.8397564162364,0.5611340362873486,122.60447568824033,19.565038881295575,0.2805103236939845,234.09342172591738,16.596191579863408,0.32548586590269935,14.873627263504195,18.206889495581905,0.32548586590269935,-263.33163811052725,20.238873821498938,0.32548586590269935,-138.86787241573705,20.384640955450255,0.32548586590269935,-3.5813904445418756,1.6204948353904205,0.32548586590269935,314.6294149979762,0.9907868431111154,0.5362639706129531,-311.0480245534317,2.2457452218922573,0.5611340362873486
2019-01-16 22:00:00,2.623770333087516,1.677074733312169,0.0,2.623770333087516,1.677074733312169,0.0,2.5737703330875163,0.05,1.6624913999788355,0.014583333333333344,1.0,3474.567366571785,21.666666666666686,1.6972855354030105,735.7057761119265,2.3473570669936876,0.22641326609382872,0.24788041112463813,3983.8598765898832,14058.27045911124,0.0,0.0,24.444444444444457,0.0,0.0,0.05,0.0,0.0,0.0,0.0,0.0,21434.376404107203,21.666666666666686,0.0,1.730066133175618,-1.4,6.529479366362011,2732.2996190796316,119.92861617075846,-77.53714589924417,-666.7733269487508,0.0,12.077929402666665,0.0,-922.7533244521724,-393.866796751504,-652.1663454262181,-370.03012527491717,-341.71658995522085,0.183,0.0031254592230902326,0.026896284787967992,0.0,0.3975779565556378,12.077929402666665,-10.035204046825546,0.12461356508835594,7.885068760464719,0.002411668345795185,-23.757815832497986,0.986487200441546,0.12140559566066074,-411.54093297906167,-204.2362269621064,0.0,-1126.081132492462,-1.8939910038812782,0.06867587875583193,0.0,-321.17281324399505,-2.1504128412522907,0.06867587875583193,0.0,-3580.7850098918966,-4.0664535565876685,0.0672846125515661,0.0,-359.4621945286759,0.9263820519671956,0.06867587875583193,0.0,-31.20666635852094,-0.9684440426035988,0.06867587875583193,74.50044815202764,19.568181998244594,0.32548586590269935,-32.73142841993225,19.793320604358826,0.5611340362873486,114.66554585512701,19.53534243281248,0.2805103236939845,239.4509332537318,16.47706114209904,0.32548586590269935,15.251297608495587,18.122379833813625,0.32548586590269935,-268.91112235407917,20.205274860830592,0.32548586590269935,-142.22567409537072,20.355984363977104,0.32548586590269935,3.8566481168682003,1.1442349955760573,0.32548586590269935,304.53579186857047,0.5967053368446923,0.5362639706129531,-308.39243998543645,1.8323863217336211,0.5611340362873486
2019-01-16 23:00:00,0.05,0.014583333333333344,0.0,0.05,0.014583333333333344,0.0,0.0,0.05,0.0,0.014583333333333344,1.0,0.0,18.33333333333337,0.0,0.0,0.0,0.0,0.0,0.0,13951.256265182308,0.0,0.0,24.444444444444457,0.0,0.0,0.05,0.0,0.0,0.0,0.0,0.0,21434.376404107203,19.858842015107317,0.0,0.38143963567262346,-1.95,6.529479366362011,-664.3381300865348,-503.9961742304824,-71.06272065695387,-631.7153752270237,-0.5521100710411003,12.077929402666665,0.0,-575.4067433086682,100.44633808800386,-376.6890068410982,-337.43108642960357,-94.99146964026127,0.183,0.0030202960173587117,0.026896284787967992,2.210357746341217e-05,0.39647799789677574,12.077929402666665,26.91414646581724,0.1389573295845728,7.090663094007009,0.002402083506467763,-27.01251036123279,0.9925123608166733,0.12300751908588715,-311.1835049392875,-192.8126692911949,0.0,-1115.7459545073677,-2.475874489131924,0.06867587875583193,0.0,-317.6221084490728,-2.737138269614619,0.06867587875583193,0.0,-3510.0809449291282,-4.773583719975861,0.0672846125515661,0.0,-348.4819622059353,0.20996320260139267,0.06867587875583193,0.0,-31.243249922345754,-1.5105339003430793,0.06867587875583193,68.08014518450236,18.780136340767708,0.32548586590269935,-72.90838163978964,19.06347923027535,0.5611340362873486,147.07830456409235,18.675120907804722,0.2805103236939845,251.92035383553952,15.473943306478796,0.32548586590269935,16.475588423251658,17.175711957308703,0.32548586590269935,-304.5415646741155,19.470489819544003,0.32548586590269935,-106.1044456934788,19.40125121591892,0.32548586590269935,-0.7516742979728103,0.18187006708499043,0.32548586590269935,290.2728239977884,-0.385193903304218,0.5362639706129531,-289.52114969981017,0.7959442733399249,0.5611340362873486
2019-01-17 00:00:00,1.0372010637293658,0.652252226086175,0.0,1.0372010637293658,0.6522522260861751,0.0,0.9872010637293658,0.05,0.6376688927528417,0.014583333333333344,1.0,1383.4186983026984,18.33333333333337,1.5874386141590051,292.9254263176797,0.9003197330682347,0.08688133066113118,0.09927866996152779,1589.4627939592467,13972.459277355136,0.0,0.0,24.444444444444457,0.0,0.0,0.05,0.0,0.0,0.0,0.0,0.0,21434.376404107203,18.347100828836727,0.0,-0.57478896654495,-2.2,6.529479366362011,746.1481176907041,-75.83838780651931,-61.0367304351621,-595.4443794375171,0.0,12.077929402666665,0.0,-352.83958760809656,222.14511298660062,-339.87171338807434,-313.97526590639313,-24.830148691027546,0.183,0.002757017941598003,0.026896284787967992,0.0,0.39269868865726176,12.077929402666665,7.132599858018477,0.15173644441760353,6.408776440632843,0.0023920878275069243,-30.403776594066578,0.9971562299637412,0.10975852009229992,-192.23770021604312,-176.52611390815588,0.0,-1065.6899781129325,-2.7030205961922955,0.06867587875583193,0.0,-298.23006550994705,-3.0007690277010317,0.06867587875583193,0.0,-3347.5287392106025,-4.910850424439036,0.0672846125515661,0.0,-330.07263632976117,-0.17527940369046244,0.06867587875583193,0.0,-29.881770618910423,-1.773097307895779,0.06867587875583193,107.31149863065069,17.513085423454186,0.32548586590269935,-71.92826133082345,17.888319392828098,0.5611340362873486,84.42476203287491,17.609345033642487,0.2805103236939845,244.47610958482875,14.361650142767811,0.32548586590269935,16.145482179127693,16.01546567614263,0.32548586590269935,-265.3534977085403,18.232440793432506,0.32548586590269935,-115.07609338811699,18.272268967024083,0.32548586590269935,4.04253730956569,-0.5903700416773064,0.32548586590269935,262.77006050978827,-1.0652113500234324,0.5362639706129531,-266.8125978193483,0.023032316889677055,0.5611340362873486
2019-01-17 01:00:00,1.4853954330624606,0.941757188885772,0.0,1.4853954330624606,0.941757188885772,0.0,1.4353954330624605,0.05,0.9271738555524387,0.014583333333333344,1.0,2036.5636275166469,18.33333333333337,1.7883028674202195,431.2224994105607,1.3090796987364284,0.1263157343260323,0.1452093711284269,2341.470392601175,14105.385598921848,0.0,0.0,24.444444444444457,0.0,0.0,0.05,0.0,0.0,0.0,0.0,0.0,21434.376404107203,18.33333333333337,0.0,-0.6565081962947772,-1.95,6.529479366362011,1367.7871886583168,100.75995257685348,-59.269460303315,-586.6100036432522,0.0,12.077929402666665,0.0,-405.70694527916936,-14.009112265135965,-466.5898412750926,-314.38938344489543,-135.24626786079165,0.183,0.0027170476217811424,0.026896284787967992,0.0,0.39216936171110534,12.077929402666665,-34.97490431442947,0.15091945492841624,6.3790301497370825,0.002380155865203328,-33.6704635856873,0.9959375363277284,0.10590321395207139,-148.08766873994495,-182.37487809376228,0.0,-1234.2932385012189,-2.767107838416862,0.06867587875583193,0.0,-347.51289772789335,-3.0928168709493837,0.06867587875583193,0.0,-4016.836130658993,-5.438973566976386,0.0672846125515661,0.0,-365.03346541732634,-0.1286693205194521,0.06867587875583193,0.0,-33.8182746726387,-1.7945631524458923,0.06867587875583193,125.41558237697306,17.088724506292365,0.32548586590269935,-42.605008334609494,17.45481493786677,0.5611340362873486,17.554128924728502,17.34706202583288,0.2805103236939845,232.87008118889304,14.13107291822149,0.32548586590269935,15.670292855403176,15.678910903539844,0.32548586590269935,-208.1492469315468,17.750756137539717,0.32548586590269935,-140.75583007984085,18.0070187122895,0.32548586590269935,8.788130709311629,-0.905816755126979,0.32548586590269935,268.56749319955924,-1.3505450431553745,0.5362639706129531,-277.3556239088658,-0.2249069825779896,0.5611340362873486
2019-01-17 02:00:00,1.6325804496879495,1.0368293175834715,0.0,1.6325804496879495,1.0368293175834715,0.0,1.5825804496879494,0.05,1.0222459842501381,0.014583333333333344,1.0,2263.0494817094864,18.33333333333337,1.8034193803664806,479.1786716639482,1.4433368683004484,0.13924358138750106,0.16034921927597207,2602.9845719859336,14202.989039738326,0.0,0.0,24.444444444444457,0.0,0.0,0.05,0.0,0.0,0.0,0.0,0.0,21434.376404107203,18.33333333333337,0.0,-0.5715151936408007,-1.7,6.529479366362011,1589.1574318802047,182.14350298797245,-56.796207064457555,-579.2661240331825,0.0,12.077929402666665,0.0,-436.06224904045195,-117.96432941214336,-517.1751007203673,-312.8309396846131,-190.4415367007727,0.183,0.0026371472462641474,0.026896284787967992,0.0,0.39111124103649114,12.077929402666665,-49.90764813430807,0.1502203971943729,6.370082123348804,0.0023676157187756497,-38.86692433271677,0.9965617151433417,0.09794847787204208,-118.64654175857665,-178.3886269173991,0.0,-1237.4621443829774,-2.5557104231506,0.06867587875583193,0.0,-345.76555063575614,-2.9058954013590466,0.06867587875583193,0.0,-4036.6970756677006,-5.2728150672647045,0.0672846125515661,0.0,-365.65812738086873,0.07823814792823851,0.06867587875583193,0.0,-33.652435917142235,-1.6161726111538202,0.06867587875583193,129.03800400145005,16.91174358602877,0.32548586590269935,-25.471832482729344,17.256137099104343,0.5611340362873486,-8.29214049919489,17.22531516839643,0.2805103236939845,225.10340385097615,14.067500838251485,0.32548586590269935,15.493103601962847,15.527260157078338,0.32548586590269935,-186.4733470367241,17.544566511653276,0.32548586590269935,-149.39719143574484,17.8785355194105,0.32548586590269935,14.222938431823211,-0.9526148977650469,0.32548586590269935,259.148109347163,-1.3297528914285945,0.5362639706129531,-273.37104777898173,-0.23118872760245654,0.5611340362873486
2019-01-17 03:00:00,1.6166446185942436,1.0265357875803418,0.0,1.6166446185942436,1.0265357875803418,0.0,1.5666446185942435,0.05,1.0119524542470084,0.014583333333333344,1.0,2302.1524658300523,18.33333333333337,1.8589345585800634,487.45834744674875,1.4286954472102447,0.13794917138399893,0.15637849855979544,2651.661641892802,14886.573699808981,0.0,0.0,24.444444444444457,0.0,0.0,0.05,0.0,0.0,0.0,0.0,0.0,21434.376404107203,18.33333333333337,0.0,-0.299080353237292,0.0,6.529479366362011,1679.5327800380696,380.3786449135007,-48.12910827692615,-527.208115560545,0.0,12.077929402666665,0.0,-454.7254035883274,-165.34548888472082,-545.2501238216702,-288.99747577158024,-224.77583428651107,0.183,0.002440040957227153,0.026896284787967992,0.0,0.38850096244672205,12.077929402666665,-59.360391357178166,0.14924390535950646,6.352858878988268,0.0023521670839516035,-43.69058681204095,0.9965710161558812,0.1085811006586673,58.82203277400903,-165.9017353072571,0.0,-1126.7830398041754,-1.1719131493848474,0.06867587875583193,0.0,-309.2591182164225,-1.5364654202287071,0.06867587875583193,0.0,-3803.5020345576513,-4.0324680597028415,0.0672846125515661,0.0,-351.6275696068529,1.4963919298973891,0.06867587875583193,0.0,-31.806876789447298,-0.17917480888697954,0.06867587875583193,134.7993011626869,16.82469606122713,0.32548586590269935,-10.003219248378082,17.154943059736706,0.5611340362873486,-15.466998584144676,17.16475624057627,0.2805103236939845,203.04656894480033,14.303986875943878,0.32548586590269935,15.255733576783724,15.47854068885991,0.32548586590269935,-177.25206447326224,17.454859363738425,0.32548586590269935,-150.37932137848694,17.80996525465085,0.32548586590269935,22.12746856400272,-0.7530990866287582,0.32548586590269935,235.394422056605,-1.0117351369504495,0.5362639706129531,-257.5218906206018,0.003295432136917531,0.5611340362873486
2019-01-17 04:00:00,1.633090279589464,1.0371586351670274,0.0,1.633090279589464,1.0371586351670272,0.0,1.583090279589464,0.05,1.022575301833694,0.014583333333333344,1.0,2350.7937279501057,18.33333333333337,1.8781899340163275,497.7576606341646,1.4438861921303627,0.1392040874591013,0.15725928399654335,2709.347301125169,15103.940105161362,0.0,0.0,24.444444444444457,0.0,0.0,0.05,0.0,0.0,0.0,0.0,0.0,21434.376404107203,18.33333333333337,0.0,0.7048585696957103,0.55,6.529479366362011,1738.2158309979625,310.2773377784323,-52.20106317467139,-510.14708561096506,0.0,12.077929402666665,0.0,-468.9627758109839,-188.45387255772397,-556.221521020046,-279.9478767748095,-247.2299835794112,0.183,0.002722122585435398,0.026896284787967992,0.0,0.39223656945488294,12.077929402666665,-62.30767756917358,0.1482841547325488,6.335947604030154,0.0023369840349062873,-38.34647159843406,0.9965801577096525,0.1395363629744656,-55.42918243676344,-132.05114041896886,0.0,-1181.5905361575294,-0.2727341227673155,0.06867587875583193,0.0,-317.68470311124764,-0.7111136244646965,0.06867587875583193,0.0,-3879.526976694765,-2.7969969226544835,0.0672846125515661,0.0,-342.34639463644146,2.0717845884557473,0.06867587875583193,0.0,-31.115110577967407,0.470551595959774,0.06867587875583193,134.84066879233214,16.780753690104728,0.32548586590269935,0.626759585004523,17.09214251517964,0.5611340362873486,-17.72573182783526,17.125121306159937,0.2805103236939845,193.79030514702006,14.390213436864032,0.32548586590269935,14.254486650217235,15.543855627326888,0.32548586590269935,-176.46140955148465,17.40988104461656,0.32548586590269935,-149.32507879525468,17.76185813374326,0.32548586590269935,36.74329068258071,0.25261821928343287,0.32548586590269935,175.29778023617072,0.24356381882362038,0.5362639706129531,-212.04107091874684,1.0332619866896817,0.5611340362873486
2019-01-17 05:00:00,1.7361278756384189,1.1037143472691204,0.0,1.7361278756384186,1.1037143472691202,0.0,1.6861278756384188,0.05,1.0891310139357868,0.014583333333333344,1.0,2464.023022428269,18.33333333333337,1.8451323193140543,521.7328601868085,1.5377788517316673,0.14834902390675123,0.16959908421283834,2837.406858708326,14637.721850443086,0.0,0.0,24.444444444444457,0.0,0.0,0.05,0.0,0.0,0.0,0.0,0.0,21434.376404107203,18.33333333333337,0.0,0.8507007806907534,-0.6,6.529479366362011,1816.1727212987075,165.85116149723066,-56.73238858461513,-546.2001623333446,0.0,12.077929402666665,0.0,-483.8356075007415,-206.79884783055368,-562.6328194914521,-299.5943539994643,-263.9457172043148,0.183,0.002794303420727033,0.026896284787967992,0.0,0.393192460258134,12.077929402666665,-56.99567961426821,0.14774698379938672,6.335938375937309,0.002324440206703433,-33.065541568461974,0.9983183151839372,0.12888846932492526,-200.74160228924694,-155.14009640033092,0.0,-1076.6126985153708,-1.278954616799577,0.06867587875583193,0.0,-296.7346143359929,-1.6165018259467268,0.06867587875583193,0.0,-3497.659421731771,-3.5404872277650727,0.0672846125515661,0.0,-328.6051235708289,1.1561023163255049,0.06867587875583193,0.0,-29.407106854323686,-0.4556326704173285,0.06867587875583193,129.39233208805544,16.73839158135699,0.32548586590269935,5.137686423264798,17.029192729010823,0.5611340362873486,-22.666239530251065,17.079181317072937,0.2805103236939845,205.00134173704518,14.175196425264238,0.32548586590269935,14.075352743819613,15.507765446777595,0.32548586590269935,-181.4804966881368,17.36421701591803,0.32548586590269935,-149.45997677379864,17.70799936822765,0.32548586590269935,20.373393319362762,0.3527532503154818,0.32548586590269935,220.32599693384861,0.110854348061225,0.5362639706129531,-240.69939025320647,1.0487458925377022,0.5611340362873486
2019-01-17 06:00:00,5.527774609523686,3.5528761880928386,0.0,5.527774609523686,3.5528761880928386,0.0,5.477774609523686,0.05,3.538292854759505,0.014583333333333344,1.0,7136.379112257328,21.666666666666686,1.7353034774770277,1511.058724583732,3.713121860011452,0.3743409421608066,0.42959210126050973,8273.096894680253,14516.136415179732,1.3903118073514276,0.0,24.444444444444457,0.0,0.0,0.05,0.0,0.0,0.0,0.0,0.0,21434.376404107203,21.44900265736294,-0.1125372381554565,2.17136405860514,-0.3,6.529479366362011,6340.627621936349,1029.0467740908202,-66.69854568324489,-627.1215887341099,0.0,12.077929402666665,0.0,-1091.2164083578311,-1031.8492957095466,-1046.1342962720973,-366.2082769377405,-692.3054952144815,0.183,0.0028575782742816117,0.026896284787967992,0.0,0.3940304091450581,12.077929402666665,-114.0092853062909,0.12139412712840789,7.695465460701253,0.0023126086438802593,-32.33345804151151,0.9884622346710145,0.10842607047641165,-288.6689342943156,-193.34301619859642,0.0,-1038.9959318799345,-1.0730305144182035,0.06867587875583193,0.0,-290.3031873410057,-1.362265933230552,0.06867587875583193,0.0,-3436.283853704298,-3.327387291350719,0.0672846125515661,0.0,-351.14807544896775,1.8245994602263527,0.06867587875583193,0.0,-29.207024711587973,-0.1729291266242238,0.06867587875583193,144.3304963026409,18.09332795585573,0.32548586590269935,75.16066502208075,18.29020865868434,0.5611340362873486,-74.11843438931076,18.55496275788507,0.2805103236939845,191.4054420137986,15.791434608216198,0.32548586590269935,12.99941971570824,17.031080337242727,0.32548586590269935,-142.84495326796508,18.676285685287095,0.32548586590269935,-206.9326353969512,19.33636241136222,0.32548586590269935,22.68521406073266,0.9509697033079789,0.32548586590269935,276.28704697040837,0.624066369854323,0.5362639706129531,-298.97226103113707,1.7860069127423055,0.5611340362873486
2019-01-17 07:00:00,3.387979083287868,2.1707048209169817,0.0,3.387979083287868,2.1707048209169817,0.0,3.337979083287868,0.05,2.1561214875836483,0.014583333333333344,1.0,4465.638228200091,21.666666666666686,1.6852638662551958,945.5553719065185,3.0447622964703798,0.2932167868174883,0.3297245320467594,5117.976813289121,13365.002005859464,0.0,0.0,24.444444444444457,0.0,0.0,0.05,0.0,0.0,0.0,0.0,0.0,21434.376404107203,21.666666666666686,0.0,2.041347797288731,-2.5,6.529479366362011,3636.762416933435,42.68295551020736,-86.95856664320529,-703.0968829719482,0.0,10.493938661333333,2.8941525430458444,-1065.7120854439602,-738.4273082415261,-868.4364679332058,-396.6857488070643,-563.9093445534438,0.159,0.003277400701415618,0.026896284787967992,0.0,0.39959011755622453,10.493938661333333,-49.31430031283657,0.1190991335888107,7.778257396088632,0.0023019763054767375,-19.4091272225656,0.9876539496556431,0.13212651548609816,-713.4139264117465,-189.45848998456452,116.28714886260019,-1117.311918346818,-2.5493834387628262,0.06867587875583193,36.05899787692216,-318.3723715164778,-2.807883888481197,0.06867587875583193,340.49796575518747,-3477.163810735052,-4.156106562498576,0.0672846125515661,5.004330992188184,-351.97393870284435,0.1884956423926782,0.06867587875583193,1.9963459032206041,-29.763137565838246,-1.7858713614196555,0.06867587875583193,97.9458786237569,18.839995458371213,0.32548586590269935,36.58972934745228,18.9978757693615,0.5611340362873486,24.50217161283278,19.01920036014594,0.2805103236939845,230.1141113451231,15.909671073660855,0.32548586590269935,14.327396815206216,17.536558536412567,0.32548586590269935,-236.70139410676177,19.478269985446843,0.32548586590269935,-166.77789363761312,19.793878120994645,0.32548586590269935,17.132047496597547,1.052302555410322,0.32548586590269935,273.95125614185565,0.6804332236137801,0.5362639706129531,-291.08330363845073,1.8208958810369227,0.5611340362873486
2019-01-17 08:00:00,3.3006963020008495,2.114325713818552,0.0,3.300696302000849,2.114325713818552,0.0,3.2506963020008492,0.05,2.0997423804852184,0.014583333333333344,1.0,4244.905675095304,21.666666666666686,1.6407785697905026,898.8174050858169,2.964495274927925,0.2862010270729244,0.3223780584548573,4857.522053108197,12742.862874178098,0.0,0.0,24.444444444444457,0.0,0.0,0.05,0.0,0.0,0.0,0.0,0.0,21434.376404107203,21.666666666666686,0.0,0.4032535263343331,-3.6,6.529479366362011,3403.390210016529,74.4519985519017,-96.17613862754408,-738.5170761293494,0.0,4.949971066666667,25.077889604654562,-1041.1966276883065,-592.9554874787578,-823.8664794197098,-414.08868179048017,-502.09418321707017,0.07500000000000001,0.0034894042831431094,0.026896284787967992,0.0,0.4023976809934001,4.949971066666667,-11.772221388548418,0.11911688624338601,7.789422875670358,0.002298139028133983,-5.763613897260254,0.989445969675709,0.13308542183474834,-607.9695152965874,-216.39589123732782,1007.9368388380942,-1110.6889465272286,-3.2509619260895146,0.06867587875583193,312.9038476722799,-330.2439173809334,-3.382356611153925,0.06867587875583193,2885.3589106985173,-3436.5885463651593,-4.236235345340533,0.0672846125515661,43.36262802345963,-339.2681523739192,-0.675147497921135,0.06867587875583193,17.053280520071084,-29.900634745416916,-2.439163525742997,0.06867587875583193,99.91478536420024,19.01750398267875,0.32548586590269935,16.349958871379325,19.215147309849876,0.5611340362873486,58.68365654433668,19.140692804665147,0.2805103236939845,247.47990462706474,15.855839969094577,0.32548586590269935,15.783658757804995,17.564830652232175,0.32548586590269935,-285.22025065346827,19.743962297697724,0.32548586590269935,-152.99171351131983,19.91391424892352,0.32548586590269935,-3.6543579642773847,-0.3063402426217428,0.32548586590269935,327.5494377872968,-0.9754501140942933,0.5362639706129531,-323.8950798230156,0.35912873833273495,0.5611340362873486
2019-01-17 09:00:00,2.923160260933841,1.8704615222910106,0.0,2.923160260933841,1.8704615222910108,0.0,2.8731602609338416,0.05,1.8558781889576774,0.014583333333333344,1.0,3904.147130234431,21.666666666666686,1.7106747969518423,826.6651043057077,2.620243829370068,0.25291643156377314,0.27675988482071096,4477.895802976365,13902.833129668921,0.0,0.0,24.444444444444457,0.0,0.0,0.05,0.0,0.0,0.0,0.0,0.0,21434.376404107203,21.666666666666686,0.0,0.6285853035744097,-1.1,6.529479366362011,3209.247091844612,455.40725555367857,-80.87987924417712,-659.551770591008,0.0,2.96998264,157.5829636443653,-1017.3413475226755,-517.801713471473,-802.8708681116743,-378.22269253220907,-464.6432440763165,0.045,0.0032998929014357373,0.026896284787967992,0.0,0.39988798176155343,2.96998264,42.561628805366134,0.1191556483088301,7.79407735970158,0.002297468407930498,2.471335407687828,0.9900560592952767,0.1304067043112246,-234.0490875735436,-137.20876117848553,6252.587053777365,-2608.0370958285034,2.538243488575097,0.06867587875583193,1739.7173802513853,-725.676100891573,1.834379732347993,0.06867587875583193,11912.303473177919,-6590.025394919807,2.2711475062233166,0.0672846125515661,272.4795245161579,-406.448768200881,2.095928913448115,0.06867587875583193,50.22239606018627,-40.028732856557866,0.5911547869597089,0.06867587875583193,113.00796457612905,19.13772816108161,0.32548586590269935,10.284185618722525,19.375380909800295,0.5611340362873486,84.79958413987552,19.244494701573842,0.2805103236939845,212.73611936667783,16.49263266495228,0.32548586590269935,15.722145749366165,17.72354191497571,0.32548586590269935,-294.75696115337996,19.90939515193081,0.32548586590269935,-141.79303829739123,20.013618649760964,0.32548586590269935,39.69481508421328,0.17368281304104485,0.32548586590269935,181.1880345645665,0.17797592289854117,0.5362639706129531,-220.88284964877548,0.9997349813726557,0.5611340362873486
2019-01-17 10:00:00,2.6745541839344917,1.7098778603843598,0.0,2.674554183934492,1.7098778603843598,0.0,2.6245541839344924,0.05,1.6952945270510265,0.014583333333333344,1.0,3621.477087990259,21.666666666666686,1.7367862722115899,766.8124778136713,2.393658906170311,0.23089527776418103,0.24881929694077268,4157.394288039749,14383.025036922032,0.0,0.0,24.444444444444457,0.0,0.0,0.05,0.0,0.0,0.0,0.0,0.0,21434.376404107203,21.666666666666686,0.0,2.40798538218187,0.0,6.529479366362011,3029.826118333845,321.72339629952813,-80.20764998058628,-625.6581373777566,0.0,2.96998264,313.6208020510023,-992.7371554188979,-456.77237212895426,-757.0754310761887,-364.8766422017472,-426.2071143064281,0.045,0.0034478986515974214,0.026896284787967992,0.0,0.40184802191398733,2.96998264,111.24483506192853,0.11942540871444048,7.806489945506909,0.0023000279837055177,10.863483409196293,0.9911952338488682,0.16105037725680266,-423.2982561278404,-21.79082538630272,12615.543116374556,-4928.625874127729,9.201767754347456,0.06867587875583193,3009.406830247838,-1194.8940724867025,6.469983674926709,0.06867587875583193,24944.436255237273,-11619.067621492335,11.02249570272599,0.0672846125515661,542.2873453128435,-484.0682558541365,3.914887913099219,0.06867587875583193,93.15858774070433,-52.92675006281567,2.813308244992387,0.06867587875583193,109.30490608897568,19.29104777479791,0.32548586590269935,2.7416626452163957,19.53319680758013,0.5611340362873486,109.12849330915051,19.34657122517874,0.2805103236939845,191.3123853373713,16.937640914544136,0.32548586590269935,14.718263462014088,17.977930164801037,0.32548586590269935,-295.9668263163937,20.055311915955667,0.32548586590269935,-131.23888452633219,20.111310307669573,0.32548586590269935,89.3293347240673,2.3848912685222206,0.32548586590269935,-23.593009003924696,3.203296558500748,0.5362639706129531,-65.73632572013788,3.2975016804080863,0.5611340362873486
2019-01-17 11:00:00,2.596506106779172,1.659463782878093,0.0,2.5965061067791715,1.659463782878093,0.0,2.5465061067791717,0.05,1.6448804495447595,0.014583333333333344,1.0,3469.299950811365,21.666666666666686,1.7136621848130333,734.5904521618407,2.3225371953354146,0.22396891144375708,0.24184166412284575,3979.9214915294488,14078.44595236735,0.0,0.0,24.444444444444457,0.0,0.0,0.05,0.0,0.0,0.0,0.0,0.0,21434.376404107203,21.666666666666686,0.0,4.2693150431089135,-0.55,6.529479366362011,2901.322649012875,-113.60800940527446,-82.46387751407453,-643.2433712223748,0.0,2.96998264,393.8570766059604,-975.7818581873828,-413.93606165868675,-700.6597068539188,-374.63699141980965,-394.1611618627214,0.045,0.0034510871180961373,0.026896284787967992,0.0,0.40189024677589535,2.96998264,154.75996429795936,0.11973630915654847,7.816836275265917,0.0023045250236689,10.488059367829637,0.9918415624645937,0.1738086880600657,-896.62783699153,48.42937542441476,15702.964880350577,-6063.07323429447,11.477585418605228,0.06867587875583193,2694.7873982565516,-1158.3966972818548,5.581058031278518,0.06867587875583193,33932.16606316035,-15248.228617778299,16.402421518764868,0.0672846125515661,681.0253245592735,-521.6454054284018,3.914100018535864,0.06867587875583193,108.0257961479938,-58.11413397492028,2.86151247626754,0.06867587875583193,91.08375515059598,19.436489261959647,0.32548586590269935,-6.179592160840427,19.65283218484311,0.5611340362873486,127.06015375175981,19.41932793488781,0.2805103236939845,194.42174713531242,17.001706219796027,0.32548586590269935,13.745054571289675,18.1874554199624,0.32548586590269935,-295.8343207920881,20.158544708653316,0.32548586590269935,-124.29679765602965,20.184502910330956,0.32548586590269935,117.7913334593072,4.542619622532589,0.32548586590269935,-147.08692635578626,5.807291191355233,0.5362639706129531,29.29559289648241,5.481346244921107,0.5611340362873486
