Time,Total Electric Power (kW),Total Reactive Power (kVAR),Total Gas Power (therms/hour),Total Electric Energy (kWh),Total Reactive Energy (kVARh),Total Gas Energy (therms),Grid Voltage (-),Temperature - Indoor (C),Unmet HVAC Load (C),Temperature - Attic (C),Temperature - Outdoor (C),Temperature - Ground (C),Net Sensible Heat Gain - Indoor (W),Net Sensible Heat Gain - Attic (W),Infiltration Heat Gain - Indoor (W),Forced Ventilation Heat Gain - Indoor (W),Natural Ventilation Heat Gain - Indoor (W),Internal Heat Gain - Indoor (W),Window Transmitted Solar Gain (W),Roof Heat Gain - Indoor (W),Internal Mass Heat Gain - Indoor (W),Wall Heat Gain - Indoor (W),Floor Heat Gain - Indoor (W),Window Heat Gain - Indoor (W),Occupancy (Persons),Infiltration Flow Rate - Indoor (m^3/s),Forced Ventilation Flow Rate - Indoor (m^3/s),Natural Ventilation Flow Rate - Indoor (m^3/s),Air Changes per Hour - Indoor (1/hour),Occupancy Heat Gain - Indoor (W),Radiation Heat Gain - Indoor (W),Relative Humidity - Indoor (-),Wet Bulb - Indoor (C),Humidity Ratio - Indoor (-),Net Latent Heat Gain - Indoor (W),Air Density - Indoor (kg/m^3),Infiltration Flow Rate - Attic (m^3/s),Infiltration Heat Gain - Attic (W),Radiation Heat Gain - Attic (W),Exterior Wall Ext. Solar Gain (W),Exterior Wall Ext. LWR Gain (W),Exterior Wall Ext. Surface Temperature (C),Exterior Wall Ext. Film Coefficient (m^2-K/W),Attic Wall Ext. Solar Gain (W),Attic Wall Ext. LWR Gain (W),Attic Wall Ext. Surface Temperature (C),Attic Wall Ext. Film Coefficient (m^2-K/W),Attic Roof Ext. Solar Gain (W),Attic Roof Ext. LWR Gain (W),Attic Roof Ext. Surface Temperature (C),Attic Roof Ext. Film Coefficient (m^2-K/W),Window Ext. Solar Gain (W),Window Ext. LWR Gain (W),Window Ext. Surface Temperature (C),Window Ext. Film Coefficient (m^2-K/W),Door Ext. Solar Gain (W),Door Ext. LWR Gain (W),Door Ext. Surface Temperature (C),Door Ext. Film Coefficient (m^2-K/W),Exterior Wall Indoor LWR Gain (W),Exterior Wall Indoor Surface Temperature (C),Exterior Wall Indoor Film Coefficient (m^2-K/W),Attic Floor Indoor LWR Gain (W),Attic Floor Indoor Surface Temperature (C),Attic Floor Indoor Film Coefficient (m^2-K/W),Floor Indoor LWR Gain (W),Floor Indoor Surface Temperature (C),Floor Indoor Film Coefficient (m^2-K/W),Window Indoor LWR Gain (W),Window Indoor Surface Temperature (C),Window Indoor Film Coefficient (m^2-K/W),Door Indoor LWR Gain (W),Door Indoor Surface Temperature (C),Door Indoor Film Coefficient (m^2-K/W),Interior Wall Indoor LWR Gain (W),Interior Wall Indoor Surface Temperature (C),Interior Wall Indoor Film Coefficient (m^2-K/W),Indoor Furniture Indoor LWR Gain (W),Indoor Furniture Indoor Surface Temperature (C),Indoor Furniture Indoor Film Coefficient (m^2-K/W),Attic Wall Attic LWR Gain (W),Attic Wall Attic Surface Temperature (C),Attic Wall Attic Film Coefficient (m^2-K/W),Attic Roof Attic LWR Gain (W),Attic Roof Attic Surface Temperature (C),Attic Roof Attic Film Coefficient (m^2-K/W),Attic Floor Attic LWR Gain (W),Attic Floor Attic Surface Temperature (C),Attic Floor Attic Film Coefficient (m^2-K/W)
2019-05-05 12:00:00,0,0,0,0.0,0.0,0.0,1,21.612673512692595,0.0,12.04296167175197,11.1,8.83061728816898,-202.51197408316574,-159.37021417444163,-13.396321806714386,-290.9815772922788,-0.0,2.96998264,333.90848898166763,-165.40326246038683,-79.0888601704142,-371.6294522534572,-817.2119440703241,-54.04226099525777,0.045,0.0012382615070600789,0.026896284787967992,0.0,0.3725857971634531,2.96998264,98.89594237582747,0.2455842879876387,10.257053174099328,0.004726655063099294,2.301756193289095,0.991146649490669,0.08931650472390588,-86.67338973600813,-72.69682443843351,16329.107546973451,-2739.4584977239906,13.2,0.06867587875583193,2929.4892388800895,-849.4672809466017,13.2,0.06867587875583193,90535.34912785678,-8380.083803338386,13.2,0.0672846125515661,503.24529449234717,-370.5564420755564,11.897380382781162,0.06867587875583193,151.72336523055125,-58.78666304128732,13.2,0.06867587875583193,52.42260706836532,20.50309251914329,0.32548586590269935,-33.820646483960445,20.678748921374183,0.5611340362873486,285.91736666123325,20.12333644232417,0.2805103236939845,1.987398820384442,20.59378335002522,0.32548586590269935,7.124244752300001,19.876463059373005,0.32548586590269935,-224.78954035010247,21.00898180945375,0.32548586590269935,-88.84143046821191,21.004344812861234,0.32548586590269935,18.199806994221944,11.936597760014385,0.32548586590269935,97.78421644189075,11.914044869072269,0.5362639706129531,-115.98402343611815,12.299179036814229,0.5611340362873486
2019-05-05 12:01:00,0,0,0,0.0,0.0,0.0,1,21.569623724940012,0.0,12.03672786321468,11.1,8.83061728816898,-200.15062496272293,-149.97529242341366,-13.28076095677867,-289.7899969462117,-0.0,2.96998264,334.00692421220964,-157.71273802992388,-67.10052904808963,-360.36074998477443,-788.8265728535356,-53.01478261282648,0.045,0.0012326275325533279,0.026896284787967992,0.0,0.3725111864389443,2.96998264,99.9501503002675,0.24623277517039208,10.240406049299137,0.004726668987955368,2.3007736155094958,0.9912914183040553,0.08922985480784067,-86.01687233416838,-63.95842008924529,16385.320828663247,-3202.799772328948,14.309999999999999,0.06867587875583193,2969.9452646919103,-993.1428478573663,14.309999999999999,0.06867587875583193,90529.6069831541,-9054.487925994506,14.309999999999999,0.0672846125515661,503.39364971007046,-374.3785236884162,11.952859536107095,0.06867587875583193,151.73135261316588,-68.68117809672741,14.304624423965027,0.06867587875583193,51.992858105906635,20.467977850307392,0.32548586590269935,-33.9174054084142,20.642906071831487,0.5611340362873486,283.96238835212716,20.09052772369414,0.2805103236939845,2.9106629621901448,20.545486529907343,0.32548586590269935,7.213130466946154,19.830837991047055,0.32548586590269935,-224.79541104212694,20.973102607682883,0.32548586590269935,-87.36622343662384,20.962084164020457,0.32548586590269935,22.03071011621614,11.96363869170644,0.32548586590269935,82.23398321881541,11.997616284348911,0.5362639706129531,-104.26469333501882,12.334025748107555,0.5611340362873486
2019-05-05 12:02:00,0,0,0,0.0,0.0,0.0,1,21.52804024922378,0.0,12.033307869015028,11.1,8.83061728816898,-197.6059889894667,-137.32061091457985,-13.169669483118241,-288.6390028305288,-0.0,2.96998264,334.106736921532,-149.60639466480947,-53.37337328506486,-348.7708076055161,-768.0712384291859,-51.966624430218424,0.045,0.0012271909808021786,0.026896284787967992,0.0,0.3724391901839921,2.96998264,101.23270068418032,0.246861028747496,10.223782049506111,0.004726682904834449,2.299791956143229,0.9914312960543674,0.08918228113699633,-85.6571314583349,-51.66347945624496,16441.405766694683,-3671.9644316656145,15.421,0.06867587875583193,3010.4250211196495,-1138.6241638963113,15.421,0.06867587875583193,90522.73665770389,-9737.36812208964,15.421,0.0672846125515661,503.54408097478665,-374.3769282226372,11.95283638399343,0.06867587875583193,151.74090378192878,-72.0357823562682,14.676258181156523,0.06867587875583193,50.882122242750484,20.462988131350166,0.32548586590269935,-34.67332550636638,20.6367569191642,0.5611340362873486,281.1692376704159,20.087894016731045,0.2805103236939845,3.8397861432968057,20.525684699702104,0.32548586590269935,7.2340356363005185,19.821124902259175,0.32548586590269935,-223.13145709722448,20.962794738357978,0.32548586590269935,-85.32039908918887,20.945814557912936,0.32548586590269935,27.643098954744346,12.018129311749071,0.32548586590269935,60.214574915895355,12.133498766547326,0.5362639706129531,-87.85767387063242,12.401321641653745,0.5611340362873486
2019-05-05 12:03:00,0,0,0,0.0,0.0,0.0,1,21.487762072436254,0.0,12.033705657500386,11.1,8.83061728816898,-194.9847301943522,-121.62854588611077,-13.062564326222171,-287.5241382437098,-0.0,2.96998264,334.2087296297552,-141.86724827383264,-40.550584705994126,-337.7818555366056,-751.629995246533,-50.99490898871636,0.045,0.0012219302780117416,0.026896284787967992,0.0,0.3723695226968302,2.96998264,102.63198973557974,0.2474713041266112,10.208391357173342,0.004726696813813038,2.29881119374843,0.991566820451634,0.0891878158594271,-85.698957905337,-35.929587980773775,16497.36104343713,-4146.6223250716075,16.5321,0.06867587875583193,3050.927616023561,-1279.5836848338045,16.485364454642106,0.06867587875583193,90514.7382052883,-10428.24384956977,16.5321,0.0672846125515661,503.6977977929557,-373.98082816334846,11.947088324597356,0.06867587875583193,151.75201570870036,-72.50797715322504,14.728453999445243,0.06867587875583193,49.53775143336679,20.458774784918102,0.32548586590269935,-35.593415449999156,20.63114582777989,0.5611340362873486,279.9826939741397,20.08271572140851,0.2805103236939845,4.690969863620012,20.507168138725895,0.32548586590269935,7.25101688569373,19.812078366636367,0.32548586590269935,-222.2099998437552,20.954021420176847,0.32548586590269935,-83.6590168630828,20.93145593773598,0.32548586590269935,34.85182530704515,12.096357805881782,0.32548586590269935,32.01950603851583,12.315864250932806,0.5362639706129531,-66.87133134555916,12.496103626537014,0.5611340362873486
2019-05-05 12:04:00,0,0,0,0.0,0.0,0.0,1,21.448668127575168,0.0,12.038744267109749,11.1,8.83061728816898,-192.3936044092577,-103.68706098508278,-12.959077554412184,-286.44205215737594,-0.0,2.96998264,334.31368196567524,-134.47039321439266,-28.436746423510336,-327.34379932453015,-738.1885078617175,-50.138012235568546,0.045,0.0012168291557321138,0.026896284787967992,0.0,0.37230196853437625,2.96998264,104.03754266253037,0.24806528151290594,10.192897024558082,0.004726710714959817,2.297831309065154,0.9916983954527252,0.08925789201864892,-86.2291184033155,-17.457942581767277,16553.185432484275,-4626.777872976519,17.64321,0.06867587875583193,3091.452230197691,-1334.7890745428315,16.899032950827003,0.06867587875583193,90505.61167299034,-11127.121542474133,17.64321,0.0672846125515661,503.85597517071216,-373.79205686137925,11.944348822073728,0.06867587875583193,151.76468489950665,-72.39126570072703,14.715555503859827,0.06867587875583193,48.0642541184352,20.453516475331394,0.32548586590269935,-36.69886720757495,20.624524566742316,0.5611340362873486,279.82837781118724,20.074399518548347,0.2805103236939845,5.420104832688594,20.48893618553172,0.32548586590269935,7.258538753248331,19.80268061057444,0.32548586590269935,-221.62504199480463,20.94450184538251,0.32548586590269935,-82.24736631318956,20.916846889016004,0.32548586590269935,43.35598337774172,12.195139271993968,0.32548586590269935,-1.107522570171568,12.536879974224053,0.5362639706129531,-42.248460807568335,12.614599698379118,0.5611340362873486
2019-05-05 12:05:00,0,0,0,0.0,0.0,0.0,1,21.41066526198439,0.0,12.049060717916765,11.1,8.83061728816898,-189.8364803623469,-84.14292013863945,-12.858921806578817,-285.39016618775264,-0.0,2.96998264,334.4223504974114,-127.38654662011346,-16.904497707497235,-317.41044902731977,-726.8367029388623,-49.33854383872022,0.045,0.0012118750537060304,0.026896284787967992,0.0,0.37223636136114296,2.96998264,105.44262499198462,0.2486442394507852,10.17789775964659,0.004726724608337566,2.296852284429919,0.9918263315559179,0.08940120016391764,-87.31671114099836,3.173791002358911,16608.877648867947,-5112.469489579379,18.754321,0.06867587875583193,3131.998009253238,-1353.0183204831828,17.035241562215617,0.06867587875583193,90495.3571189482,-11834.057113572897,18.754321,0.0672846125515661,504.01975335862943,-373.7375254231767,11.94355743171771,0.06867587875583193,151.77890737427717,-72.30876816995863,14.706437151733088,0.06867587875583193,46.53344903077959,20.447099608142203,0.32548586590269935,-37.88364804881712,20.61675619459096,0.5611340362873486,280.1859346574056,20.063898947480382,0.2805103236939845,6.0912698486708905,20.470184855104762,0.32548586590269935,7.261034889303005,19.79251399379183,0.32548586590269935,-221.22021846382995,20.934012545047747,0.32548586590269935,-80.96782191352031,20.901525999748575,0.32548586590269935,52.90827756444378,12.3114233716645,0.32548586590269935,-38.14229303909087,12.78965397199054,0.5362639706129531,-14.76598452534381,12.753279012425,0.5611340362873486
2019-05-05 12:06:00,0,0,0,0.0,0.0,0.0,1,21.373680784480076,0.0,12.065133352388157,11.1,8.83061728816898,-187.3357331066381,-63.54690737406199,-12.761868787879319,-284.36646830666245,-0.0,2.96998264,334.5354689035194,-120.59494842326411,-5.909125316494425,-307.9446086565995,-716.9243645739487,-48.58668884601454,0.045,0.0012070581295658342,0.026896284787967992,0.0,0.3721725708346553,2.96998264,106.82262134790372,0.24920916199740803,10.163360332891576,0.004726738494004489,2.2958741033636634,0.9919508707533812,0.08962401215370591,-89.01674872430523,25.469841350243243,16664.436386959514,-5603.739173378967,19.8654321,0.06867587875583193,3172.564090838354,-1364.6025136486094,17.121698884028547,0.06867587875583193,90483.97460828468,-12549.111692668808,19.8654321,0.0672846125515661,504.19023810961,-373.72439124931464,11.943366820346071,0.06867587875583193,151.79467867751504,-72.30004829136891,14.705473303480186,0.06867587875583193,45.00255227161688,20.439732627616486,0.32548586590269935,-39.10700786693633,20.608105813834204,0.5611340362873486,280.8726330103309,20.051869790453416,0.2805103236939845,6.715040783571567,20.451109876761496,0.32548586590269935,7.2596612615815275,19.781795893293197,0.32548586590269935,-220.9379104214895,20.922788585581063,0.32548586590269935,-79.80496903866879,20.885761386904083,0.32548586590269935,63.29295583450221,12.442515825550847,0.32548586590269935,-78.20357139832777,13.06816457419107,0.5362639706129531,14.910615563829197,12.909003743164648,0.5611340362873486
2019-05-05 12:07:00,0,0,0,0.0,0.0,0.0,1,21.337655347577613,0.0,12.08730449096954,11.1,8.83061728816898,-184.9031029465271,-42.37064184911317,-12.667729289256304,-283.3693158278125,-0.0,2.96998264,334.6537480862568,-114.07796969019594,4.5950158965103896,-298.915891873944,-708.0331386041422,-47.87411286038813,0.045,0.0012023703186965877,0.026896284787967992,0.0,0.3721104901552175,2.96998264,108.16395953054167,0.24976084294971584,10.149257654087373,0.004726752372015198,2.294896750374228,0.992072210403415,0.08993046062203576,-91.37301439501096,49.002372545897785,16719.860320740823,-6100.629430753812,20.97654321,0.06867587875583193,3213.1496047262012,-1377.465252172542,17.217608058815216,0.06867587875583193,90471.46421329919,-13272.347148795536,20.97654321,0.0672846125515661,504.36850084959156,-373.71844133596295,11.9432804713446,0.06867587875583193,151.8119938836101,-72.31991324591932,14.707669054101094,0.06867587875583193,43.501787212378986,20.43164301099156,0.32548586590269935,-40.33769844375638,20.598813783677837,0.5611340362873486,281.7426579215462,20.03886217392102,0.2805103236939845,7.300423483610757,20.431886642578494,0.32548586590269935,7.255302166566025,19.770730636397005,0.32548586590269935,-220.7277330667348,20.911036472738772,0.32548586590269935,-78.73473927360465,20.869742763364233,0.32548586590269935,74.32250192751417,12.586047029678234,0.32548586590269935,-120.53004099001555,13.36716955220895,0.5362639706129531,46.2075390625032,13.079010040591944,0.5611340362873486
2019-05-05 12:08:00,0,0,0,0.0,0.0,0.0,1,21.302538957655887,0.0,12.115800033439612,11.1,8.83061728816898,-182.5455979563455,-21.01715151004403,-12.576341893393101,-282.39732497164283,-0.0,2.96998264,334.7778762945649,-107.82063240970353,14.643315782821368,-290.2977603937672,-699.883537127295,-47.195007449775666,0.045,0.001197804806364649,0.026896284787967992,0.0,0.37205002907531176,2.96998264,109.45808626869044,0.25029994397244854,10.134932464696032,0.004726766242421355,2.293920210813117,0.9921905166050282,0.09032279782479884,-94.42035451131771,73.40320300127368,16775.14810462585,-6532.692107493006,21.932559337381626,0.06867587875583193,3253.7536732937565,-1391.7149605360362,17.32374813414902,0.06867587875583193,90457.82601355009,-14003.825637234071,22.087654321,0.0672846125515661,504.5555788628979,-373.7137305705016,11.943212105605362,0.06867587875583193,151.830847602856,-72.34484676592403,14.710424981846444,0.06867587875583193,42.05082475223753,20.42300257384472,0.32548586590269935,-41.55612270178972,20.589061559596377,0.5611340362873486,282.70089547640964,20.025258426173348,0.2805103236939845,7.853642523072267,20.41264832924236,0.32548586590269935,7.2486230968337395,19.759465739034567,0.32548586590269935,-220.55701533429965,20.898914485612856,0.32548586590269935,-77.74084781247802,20.85361464362621,0.32548586590269935,85.83402596416818,12.739934344948828,0.32548586590269935,-164.46557916959136,13.682116819245104,0.5362639706129531,78.63155320542865,13.260863633489617,0.5611340362873486
2019-05-05 12:09:00,0,0,0,0.0,0.0,0.0,1,21.268288237630337,0.0,12.15074655519648,11.1,8.83061728816898,-180.26680895398516,0.16970315367704814,-12.487565236783013,-281.44929509851886,-0.0,2.96998264,334.90851925303593,-101.80980566951509,24.264205585535457,-282.06678375239477,-692.2882229740667,-46.54558721061672,0.045,0.0011933556657133457,0.026896284787967992,0.0,0.3719911091055751,2.96998264,110.70006874131676,0.25082703452763955,10.121634998747645,0.004726780105272118,2.2929444707836497,0.9923059333748004,0.09080164021747321,-98.18647995844105,98.35618311211809,16830.298373265407,-6671.4169868087265,22.237551329277423,0.06867587875583193,3294.3754112480738,-1406.4720059263575,17.433544647949397,0.06867587875583193,90443.06009619636,-14743.609553689837,23.1987654321,0.0672846125515661,504.7524754866094,-373.71112733971836,11.943174325780054,0.06867587875583193,151.8512339876446,-72.36919049508026,14.713115643033735,0.06867587875583193,40.66078337108047,20.413935558729914,0.32548586590269935,-42.750008464907296,20.578976726235805,0.5611340362873486,283.6874830296292,20.01131256904317,0.2805103236939845,8.378688465420055,20.393491157386283,0.32548586590269935,7.240062270289286,19.748105425521146,0.32548586590269935,-220.40475492650148,20.886534718801776,0.32548586590269935,-76.81225374502537,20.837477848061507,0.32548586590269935,97.68629800858434,12.90234578014271,0.32548586590269935,-209.44592978269065,14.00906142562024,0.5362639706129531,111.75963177411904,13.452420156953984,0.5611340362873486
2019-05-05 12:10:00,0,0,0,0.0,0.0,0.0,1,21.234864612173823,0.0,12.192186194853468,11.1,8.83061728816898,-178.06772937435954,20.89724194677541,-12.401272860788492,-280.5241584772379,-0.0,2.96998264,335.04632030133934,-96.03371193532058,33.48169284958599,-274.2018515155603,-685.1211967255607,-45.92301061782584,0.045,0.0011890176176185922,0.026896284787967992,0.0,0.3719336603345671,2.96998264,111.88771932366683,0.2513426182966354,10.108712167614254,0.004726793960614465,2.2919695170762937,0.9924185887295865,0.09136620001341085,-102.69333728392829,123.5905792307037,16885.30974241504,-6697.722750992171,22.29527913003769,0.06867587875583193,3335.0139261189324,-1421.2967821657332,17.54371992297645,0.06867587875583193,90427.1665561179,-15491.761529657653,24.30987654321,0.0672846125515661,504.9601603206976,-373.7117276865925,11.943183038416535,0.06867587875583193,151.8731467394825,-72.3928489571431,14.71573049079926,0.06867587875583193,39.33731413399073,20.404530415394255,0.32548586590269935,-43.91187026447005,20.56864723762473,0.5611340362873486,284.66417309594544,19.997192799980997,0.2805103236939845,8.878521297618136,20.374477052348247,0.32548586590269935,7.2299308298628375,19.73671891335077,0.32548586590269935,-220.25719070600462,20.873974008573118,0.32548586590269935,-75.94087838696578,20.821398216516126,0.32548586590269935,109.75711216348645,13.071668688043891,0.32548586590269935,-254.98709662755573,14.344591529822761,0.5362639706129531,145.22998446406564,13.651790248362015,0.5611340362873486
2019-05-05 12:11:00,0,0,0,0.0,0.0,0.0,1,21.20223310255487,0.0,12.240089619952792,11.1,8.83061728816898,-175.94771101718018,40.9172029926726,-12.317349766510386,-279.62094692720854,-0.0,2.96998264,335.19190054060556,-90.48159851705545,42.31654706666829,-266.68366416185626,-678.2968907888863,-45.325083491441305,0.045,0.001184785870993122,0.026896284787967992,0.0,0.371877619313919,2.96998264,113.02060303653876,0.251847150651411,10.095516667481286,0.004726807808493424,2.290995337119593,0.9925285987240867,0.0920145038888464,-107.95811741134247,148.87532040401507,16940.180809313773,-6711.33112177405,22.325129321242407,0.06867587875583193,3375.668318383433,-1436.0723040846365,17.653404640900177,0.06867587875583193,90410.14549616158,-16248.344431952877,25.420987654321,0.0672846125515661,505.1795694486453,-373.7160465593322,11.943245716770841,0.06867587875583193,151.8965791163297,-72.41634854651598,14.718327708647575,0.06867587875583193,38.082606892930926,20.39485056700617,0.32548586590269935,-45.03737985177577,20.558133814595735,0.5611340362873486,285.60711271639593,19.983009363547822,0.2805103236939845,9.35539590719145,20.355644553713105,0.32548586590269935,7.218454483058963,19.725351394849586,0.32548586590269935,-220.10543796382262,20.86128501795157,0.32548586590269935,-75.12075218393875,20.80541809261451,0.32548586590269935,121.94095039154308,13.246482950346467,0.32548586590269935,-300.6752227126708,14.685762865916423,0.5362639706129531,178.7342723211259,13.85730909908524,0.5611340362873486
2019-05-05 12:12:00,0,0,0,0.0,0.0,0.0,1,21.170361512373905,0.0,12.294367319438198,11.1,8.83061728816898,-173.90508744748018,60.02001145699316,-12.235690061477246,-278.73876928034514,-0.0,2.96998264,335.3458589874617,-85.14351415089722,50.78719453119534,-259.4943793316076,-671.7565020146119,-44.750066119946624,0.045,0.0011806560146637168,0.026896284787967992,0.0,0.3718229276264638,2.96998264,114.09938925434224,0.25234105038266896,10.083297653213862,0.004726821648952253,2.290021918940515,0.9926360701769659,0.09274359806080021,-113.99396884717768,174.01398030417084,16994.91015307703,-6733.598838526559,22.3739544295526,0.06867587875583193,3416.337681592482,-1450.7879569780855,17.7625217068683,0.06867587875583193,90391.99702742015,-17013.421362664078,26.5320987654321,0.0672846125515661,505.4116056695991,-373.7243130468148,11.943365685421156,0.06867587875583193,151.92152394036646,-72.43992833128623,14.7209337191822,0.06867587875583193,36.8966293434205,20.384942456119383,0.32548586590269935,-46.12426280033105,20.547478827677864,0.5611340362873486,286.5018948592842,19.96883401924683,0.2805103236939845,9.811073619501258,20.3370168109077,0.32548586590269935,7.20580115286316,19.714032023214216,0.32548586590269935,-219.94381833497755,20.848504110773217,0.32548586590269935,-74.3473178397362,20.789564072844275,0.32548586590269935,134.14692554671456,13.425537819637931,0.32548586590269935,-346.1577506259928,15.030040842188804,0.5362639706129531,212.0108250792764,14.067509867023455,0.5611340362873486
2019-05-05 12:13:00,0,0,0,0.0,0.0,0.0,1,21.139219872371854,-0.02744679429483199,12.354879437539331,11.1,8.83061728816898,-171.9375810954428,78.02991386367404,-12.156195329097985,-277.87679601385645,-0.0,2.96998264,335.50877273725007,-80.01015657843311,58.910315380622585,-252.61735703923688,-665.4589779597578,-44.196533621822596,0.045,0.0011766239434158506,0.026896284787967992,0.0,0.3717695309068454,2.96998264,115.12542760751165,0.2528247076174018,10.070779634585403,0.004726835482032574,2.289049251130715,0.9927411025277281,0.09354973852326916,-120.81047812630749,198.84039198998153,17049.496335623615,-6761.868733192672,22.43590531639695,0.06867587875583193,3457.0211028842396,-1465.4505778735274,17.871123553873026,0.06867587875583193,90372.72126934907,-17787.055659147984,27.64320987654321,0.0672846125515661,505.65713874436204,-373.7366831741282,11.943545208482536,0.06867587875583193,151.94797360643415,-72.46364069631193,14.72355431096287,0.06867587875583193,35.7779637333806,20.37484101908697,0.32548586590269935,-47.1715775131961,20.536712378599773,0.5611340362873486,287.34026886399806,19.954713139438546,0.2805103236939845,10.246975617475982,20.318606884340856,0.32548586590269935,7.192099913706443,19.70277931953941,0.32548586590269935,-219.768757378406,20.83565675398256,0.32548586590269935,-73.616973236989,20.773852339552356,0.32548586590269935,146.2969765315138,13.607731764241345,0.32548586590269935,-391.1356930824768,15.375249433609921,0.5362639706129531,244.83871655097755,14.281100390898766,0.5611340362873486
2019-05-05 12:14:00,0,0,0,0.0,0.0,0.0,1,21.1087800568943,-0.057886609772385356,12.421444335079846,11.1,8.83061728816898,-170.04256626185648,94.80083547112767,-12.078773477369353,-277.0342486343102,-0.0,2.96998264,335.6811972507438,-75.07276671222142,66.70124303169605,-246.03698090968334,-659.3750659373503,-43.6632824668109,0.045,0.0011726858066762706,0.026896284787967992,0.0,0.3717173781619222,2.96998264,116.10047320982305,0.25329848921161197,10.058581180560436,0.004726849307774486,2.2880773228157842,0.9928437891176615,0.09442856519329408,-128.41397407266757,223.21480954379524,17103.93793805988,-6792.082855350842,22.502073765639707,0.06867587875583193,3497.7176900402465,-1480.0655705753115,17.979251776607715,0.06867587875583193,90352.31833617881,-18569.310894029342,28.75432098765432,0.0672846125515661,505.9170058275125,-373.7533055170031,11.943786441834323,0.06867587875583193,151.97592010965593,-72.4874858508051,14.72618950591397,0.06867587875583193,34.72435202406632,20.364573366186622,0.32548586590269935,-48.1792404567459,20.52585636722031,0.5611340362873486,288.1179875195521,19.940676374539507,0.2805103236939845,10.664285579883654,20.300421277791312,0.32548586590269935,7.177453300778666,19.691604813096493,0.32548586590269935,-219.57806431004428,20.822761146992487,0.32548586590269935,-72.92677365750569,20.75829224909093,0.32548586590269935,158.3242854693126,13.79209484233873,0.32548586590269935,-435.3568654656774,15.719526113383434,0.5362639706129531,277.0325799963539,14.496942745173078,0.5611340362873486
2019-05-05 12:15:00,0,0,0,0.0,0.0,0.0,1,21.079015514343475,-0.08765115232321108,12.493846039707293,11.1,8.83061728816898,-168.21723805710758,110.21283888109505,-12.003337906851174,-276.21039221678086,-0.0,2.96998264,335.86366606343637,-70.32305385417547,74.17423734239654,-239.7385307718634,-653.4833868089453,-43.14926690799889,0.045,0.0011688379722349443,0.026896284787967992,0.0,0.3716664212903366,2.96998264,117.02650942652446,0.25376274246885305,10.04669017524985,0.0047268631262166565,2.287106123627497,0.9929442180884094,0.09537525896428928,-136.80770508894966,247.0205439700447,17158.233415722585,-6822.463362346133,22.5685618310587,0.06867587875583193,3538.426462845943,-1494.6367976044044,18.086936395594844,0.06867587875583193,90330.78839253467,-19360.25087520062,29.86543209876543,0.0672846125515661,506.19201102926456,-373.77432903467616,11.944091546782202,0.06867587875583193,152.0053549787133,-72.51145996981073,14.728838880142124,0.06867587875583193,33.733051601215266,20.354161230235363,0.32548586590269935,-49.14771461927012,20.514927189482947,0.5611340362873486,288.8333884967069,19.926742379247905,0.2805103236939845,11.064019433196336,20.282462254173474,0.32548586590269935,7.161945500255115,19.680515447853104,0.32548586590269935,-219.3704571027847,20.809830628552678,0.32548586590269935,-72.27423330931924,20.742888702533932,0.32548586590269935,170.1718885997925,13.97777324326636,0.32548586590269935,-478.6099533788947,16.061282149715236,0.5362639706129531,308.4380647791113,14.714035256042107,0.5611340362873486
2019-05-05 12:16:00,0,0,0,0.0,0.0,0.0,1,21.049901073565433,-0.11676559310125256,12.571840725353967,11.1,8.83061728816898,-166.4587210124625,124.16908081131146,-11.929806892685482,-275.4045300458166,-0.0,2.96998264,336.05669166228836,-65.75314158201061,81.34267319029323,-233.7080890985299,-647.7678426810788,-42.65355628953577,0.045,0.0011650769999961598,0.026896284787967992,0.0,0.37161661473490104,2.96998264,117.90563328603957,0.25421779774701175,10.035095133107662,0.004726876937396399,2.286135643677207,0.9930424730259084,0.09638468107476544,-145.9919308174692,270.16101162878067,17212.381317682524,-6852.53125283464,22.63432160460231,0.06867587875583193,3579.14651697732,-1509.1679800026707,18.194206250376865,0.06867587875583193,90308.13157167965,-20159.93964582204,30.976543209876542,0.0672846125515661,506.4829267368438,-373.79990004665956,11.944462646169224,0.06867587875583193,152.0362693976472,-72.53556259578694,14.731502381910817,0.06867587875583193,32.80106680042081,20.343622592230496,0.32548586590269935,-50.077804833315895,20.50393752206623,0.5611340362873486,289.48646140596975,19.91292258890669,0.2805103236939845,11.447072123381076,20.264729356866734,0.32548586590269935,7.145647797792435,19.669515168756284,0.32548586590269935,-219.1452498307408,20.79687526902233,0.32548586590269935,-71.65719346348851,20.72764370916711,0.32548586590269935,181.79145605141275,14.164015702443391,0.32548586590269935,-520.7193067594126,16.39916766390901,0.5362639706129531,338.9278507080089,14.931496660472241,0.5611340362873486
2019-05-05 12:17:00,0,0,0,0.0,0.0,0.0,1,21.021412801022468,-0.14525386564421794,12.655162342860333,11.1,8.83061728816898,-164.76413879210497,136.59318076495512,-11.858103111283732,-274.6159996620968,-0.0,2.96998264,336.2607652207301,-61.3555274933244,88.21917293184383,-227.93246974291557,-642.2159039950104,-42.175306438790194,0.045,0.0011613996224495923,0.026896284787967992,0.0,0.37156791522397625,2.96998264,118.73998134127555,0.2546639703259068,10.024411012030242,0.004726890741349746,2.28516587353087,0.9931386334341394,0.09745149468048116,-155.9639616904033,292.5571424553584,17266.38014111852,-6882.204743091663,22.699175835573875,0.06867587875583193,3619.8769150106955,-1523.6630171675165,18.301091364202254,0.06867587875583193,90284.3480298208,-20968.44148432171,32.08765432098765,0.0672846125515661,506.7904932151006,-373.8301599047219,11.9449017905767,0.06867587875583193,152.06865414159313,-72.5597950144516,14.734180152116892,0.06867587875583193,31.925298335860134,20.33297276324437,0.32548586590269935,-50.97052356773929,20.49289750325133,0.5611340362873486,290.0782353756804,19.899223707925128,0.2805103236939845,11.81424887931098,20.24722041028661,0.32548586590269935,7.128622206918521,19.6586059668446,0.32548586590269935,-218.90214680385543,20.783902923601854,0.32548586590269935,-71.07373442617245,20.7125574157116,0.32548586590269935,193.14221906158673,14.350161544432776,0.32548586590269935,-561.5403677561771,16.732040907858114,0.5362639706129531,368.3981486945995,15.148552137863492,0.5611340362873486
2019-05-05 12:18:00,0,0,0,0.0,0.0,0.0,1,20.99352789212495,-0.1731387745417372,12.743527507760536,11.1,8.83061728816898,-163.13065805433274,147.42693015688437,-11.788153265873289,-273.844169854593,-0.0,2.96998264,336.4763569101192,-57.123052292891494,94.81570146795066,-222.39916155862235,-636.8174765252456,-41.713740354624576,0.045,0.0011578027296746743,0.026896284787967992,0.0,0.3715202815728841,2.96998264,119.53168242613359,0.25510156178216,10.013374796494766,0.004726904538111512,2.2841968041853407,0.9932327750945136,0.09857026899342324,-166.7181725283115,314.14510268519587,17320.228368865046,-6911.473085480727,22.76310282326167,0.06867587875583193,3660.616714240377,-1538.1258406385248,18.407621862084397,0.06867587875583193,90259.43793294615,-21785.820904395394,33.19876543209877,0.0672846125515661,507.1154190759183,-373.86524422474656,11.94541094716379,0.06867587875583193,152.1024996053098,-72.5841588154612,14.736872365219952,0.06867587875583193,31.10263872485666,20.322225107307208,0.32548586590269935,-51.827003095859254,20.481815515312427,0.5611340362873486,290.61037766693335,19.885649349206975,0.2805103236939845,12.166286244129878,20.2299321769126,0.32548586590269935,7.110923896876557,19.647788567354652,0.32548586590269935,-218.64110701010213,20.770919929739783,0.32548586590269935,-70.52211642681868,20.69762878308487,0.32548586590269935,204.19002617756996,14.535630145971199,0.32548586590269935,-600.9556526660308,17.05894127531259,0.5362639706129531,396.76562648847903,15.364520982336728,0.5611340362873486
2019-05-05 12:19:00,0,0,0,0.0,0.0,0.0,1,20.96622458574108,-0.20044208092560467,12.836639737441384,11.1,8.83061728816898,-161.55551546761978,156.62828332976613,-11.71988778062584,-273.08843829427394,-0.0,2.96998264,336.7039161019087,-53.048875240805685,101.14363625470305,-217.09628216971487,-631.5641508129855,-41.268135024037804,0.045,0.0011542833574340605,0.026896284787967992,0.0,0.37147367452622926,2.96998264,120.28282796727997,0.2555308610342489,10.001979112948792,0.0047269183277153445,2.2832284270456484,0.9933249703477713,0.09973556677091533,-178.2460097311049,334.874293060871,17373.92446943924,-6940.3322416344545,22.826095539081074,0.06867587875583193,3701.3649664708896,-1552.560249802438,18.51382676294648,0.06867587875583193,90233.4014573969,-22612.142655006843,34.30987654320988,0.0672846125515661,507.4583815829088,-373.90528274449537,11.945991997590895,0.06867587875583193,152.13779581317775,-72.60865543358857,14.739579178539513,0.06867587875583193,30.330032234945975,20.311391527239905,0.32548586590269935,-52.64843821199611,20.470698704070017,0.5611340362873486,291.08493128644477,19.872201113945547,0.2805103236939845,12.503866365245813,20.212860787651007,0.32548586590269935,7.0926028273016755,19.637062882545575,0.32548586590269935,-218.36225487549382,20.757931569807642,0.32548586590269935,-70.00073962645183,20.682856030929475,0.32548586590269935,214.90651248382346,14.71991164109413,0.32548586590269935,-638.8712192134262,17.37906561286594,0.5362639706129531,423.9647067296173,15.578805715442062,0.5611340362873486
2019-05-05 12:20:00,0,0,0,0.0,0.0,0.0,1,20.93948209461281,-0.22718457205387566,12.93419311796915,11.1,8.83061728816898,-160.03603367799911,164.16958286732216,-11.653240543261896,-272.3482296080787,-0.0,2.96998264,336.9438715796408,-49.12645398467161,107.21382042399463,-212.01253881939567,-626.4487038588331,-40.83781229052186,0.045,0.001150838677399537,0.026896284787967992,0.0,0.37142805662846123,2.96998264,120.99545383334154,0.25595214516540404,9.991463675979178,0.004726932110193787,2.2822607339033576,0.993415288322803,0.10094201627276293,-190.53600589186166,354.70558875918385,17427.466898055594,-6968.782434501346,22.888156240168954,0.06867587875583193,3742.120718554471,-1566.9698279462723,18.61973336978715,0.06867587875583193,90206.23879002998,-23447.471720387362,35.420987654320996,0.0672846125515661,507.8200269709151,-373.95039932261756,11.9466467379935,0.06867587875583193,152.1745324300269,-72.63328609645414,14.74230072648179,0.06867587875583193,29.604511569497845,20.300482793821455,0.32548586590269935,-53.43604905862594,20.459553325009328,0.5611340362873486,291.5041441133071,19.858879302536124,0.2805103236939845,12.827626830848203,20.196002022756694,0.32548586590269935,7.073704858520614,19.62642830945239,0.32548586590269935,-218.06582153502677,20.744942378871425,0.32548586590269935,-69.50811677852835,20.668236929122358,0.32548586590269935,225.2683680295304,14.902558715443613,0.32548586590269935,-675.2135597075467,17.691747443611238,0.5362639706129531,449.94519167802355,15.790882465725153,0.5611340362873486
2019-05-05 12:21:00,0,0,0,0.0,0.0,0.0,1,20.913280546856015,-0.2533861198106706,13.035875470586781,11.1,8.83061728816898,-158.56963007716308,170.0359808242838,-11.588148682721949,-271.6229937596938,-0.0,2.96998264,337.1966317556872,-45.349527463963526,113.03660441914025,-207.13719427675096,-621.4647672627556,-40.42213241165332,0.045,0.0011474659888755546,0.026896284787967992,0.0,0.37138339211426885,2.96998264,121.6715297252527,0.25636568009570504,9.981194390100283,0.004726945885578321,2.2812937169160303,0.993503795128581,0.10218436904161388,-203.5738109068215,373.6097917311053,17480.854097180465,-6996.829280387438,22.9492989070418,0.06867587875583193,3782.883012569955,-1581.3579145924627,18.72536707668042,0.06867587875583193,90177.95012857796,-24291.87332003626,36.53209876543211,0.0672846125515661,508.2009707726683,-374.00071194948623,11.947376879128221,0.06867587875583193,152.2126987719382,-72.65805185044492,14.745037123406757,0.06867587875583193,28.923219346539554,20.28950877126447,0.32548586590269935,-54.19105718722858,20.448384974893592,0.5611340362873486,291.8703582445087,19.84568338234451,0.2805103236939845,13.138167553670428,20.179351494318315,0.32548586590269935,7.054272514682452,19.615883925434517,0.32548586590269935,-217.75210619559948,20.731956350180184,0.32548586590269935,-69.04285427654759,20.65376898846929,0.32548586590269935,235.25669344515336,15.08317935759778,0.32548586590269935,-709.9268684522613,17.996438759112408,0.5362639706129531,474.6701750071079,16.00029246410026,0.5611340362873486
2019-05-05 12:22:00,0,0,0,0.0,0.0,0.0,1,20.887600935338348,-0.27906573132833756,13.141371078997931,11.1,8.83061728816898,-157.1538209074037,174.22402510028505,-11.524552372899059,-270.9122046483758,-0.0,2.96998264,337.4625848933359,-41.71210101270831,118.62187972952756,-202.46003645911046,-616.6066052381839,-40.02048940928009,0.045,0.0011441627115975107,0.026896284787967992,0.0,0.3713396468132078,2.96998264,122.31295347387115,0.2567717211504228,9.971162580484005,0.004726959653899419,2.280327368587615,0.9935905540199497,0.10345754500301381,-217.34224483432573,391.5662699346108,17534.08449705563,-7024.48220517879,23.00954575850379,0.06867587875583193,3823.6508859816277,-1595.7276032025134,18.83075136284875,0.06867587875583193,90148.53568206303,-25145.41290872047,37.643209876543224,0.0672846125515661,508.60179815350364,-374.0563327574965,11.94818404651204,0.06867587875583193,152.2522838171886,-72.68295358001637,14.747788465762909,0.06867587875583193,28.283419678631617,20.278478573926748,0.32548586590269935,-54.91467031877255,20.43719874772254,0.5611340362873486,292.18593893667276,19.832612295215373,0.2805103236939845,13.436055689407112,20.162904763958736,0.32548586590269935,7.0343455165563,19.605428616369373,0.32548586590269935,-217.42145072796848,20.718977073069205,0.32548586590269935,-68.60363877453347,20.639449584992782,0.32548586590269935,244.8564322866241,15.261430452679111,0.32548586590269935,-742.9706384534365,18.292694073911278,0.5362639706129531,498.1142061668288,16.206634523133108,0.5611340362873486
2019-05-05 12:23:00,0,0,0,0.0,0.0,0.0,1,20.862425072794164,-0.30424159387252203,13.250363030878413,11.1,8.83061728816898,-155.89934910267505,176.74038637837822,-11.46239465633159,-270.215358866572,-0.0,2.96998264,337.7420993378141,-38.20420421100934,123.91528494734841,-197.94921333234475,-611.8821923761684,-39.69475142251626,0.045,0.0011409263793217932,0.026896284787967992,0.0,0.3712967880648139,2.96998264,122.80842178022851,0.25717051355589327,9.961359946012497,0.004726973415186582,2.279361681750067,0.9936756255444564,0.10475666643721969,-231.82137479930128,408.5617611776795,17587.15651676934,-7051.752477834061,23.06892294758144,0.06867587875583193,3864.4233722032413,-1610.0817483808885,18.935907856217888,0.06867587875583193,90117.99567089889,-26008.156176474862,38.75432098765434,0.0672846125515661,509.02306425954157,-374.11736803719674,11.949069780646294,0.06867587875583193,152.29327621780433,-72.70799201649307,14.750554833062544,0.06867587875583193,27.858763968684798,20.272376891990305,0.32548586590269935,-55.54394340574072,20.431250233152717,0.5611340362873486,292.41467832567287,19.825127639572543,0.2805103236939845,13.651418218782055,20.15297343824888,0.32548586590269935,7.019674854497907,19.59986879425275,0.32548586590269935,-217.12415788716316,20.711441235880027,0.32548586590269935,-68.27643407472351,20.631005218277835,0.32548586590269935,254.0558709734396,15.43701211823732,0.32548586590269935,-774.3175481716098,18.58015647150723,0.5362639706129531,520.2616771981775,16.409558384736393,0.5611340362873486
2019-05-05 12:24:00,0,0,0,0.0,0.0,0.0,1,20.837732649368885,-0.3289340172978008,13.362535220419092,11.1,8.83061728816898,-154.43093981229867,177.60070602176572,-11.401614151385141,-269.53189425533094,-0.0,2.96998264,338.03552374733624,-34.83422420761159,129.13727478243183,-193.66621778162678,-607.2427558469642,-39.24050184346323,0.045,0.0011377542613479237,0.026896284787967992,0.0,0.37125477970642073,2.96998264,123.53258595441743,0.257562338883236,9.951156928482089,0.004726987169468386,2.27839664990318,0.9937590774841437,0.1060770823598392,-246.98861604528057,424.5893220670463,17640.06856429575,-7078.651958242595,23.12745782782453,0.06867587875583193,3905.1995003796383,-1624.4229762848126,19.040856419908955,0.06867587875583193,90086.33032758924,-26880.169048601954,39.86543209876545,0.0672846125515661,509.46529456590946,-374.18391563876867,11.950035499299268,0.06867587875583193,152.33566431047257,-72.7331699976921,14.753336537526948,0.06867587875583193,27.0685228581533,20.258392435603053,0.32548586590269935,-56.30001191092015,20.416834453381355,0.5611340362873486,292.6894707174142,19.808820632357556,0.2805103236939845,14.014638269765783,20.132357862890675,0.32548586590269935,6.99161965114115,19.586954027310945,0.32548586590269935,-216.69248530284676,20.69500965345563,0.32548586590269935,-67.77175428269766,20.61312143547167,0.32548586590269935,262.8461983274483,15.6096626949796,0.32548586590269935,-803.951603962596,18.858545401878608,0.5362639706129531,541.1054056351568,16.608758834905984,0.5611340362873486
2019-05-05 12:25:00,0,0,0,0.0,0.0,0.0,1,20.813513764000962,-0.3531529026657232,13.477574052958309,11.1,8.83061728816898,-153.19018896997147,176.82854926833323,-11.342175810090243,-268.8615367619578,-0.0,2.96998264,338.3431875462633,-31.579118015129215,134.04275578226114,-189.51947231073933,-602.7376424935902,-38.89530780645816,0.045,0.0011346449714504242,0.026896284787967992,0.0,0.37121360338024423,2.96998264,124.04354096207655,0.2579473162717856,9.941790331450896,0.004727000916772387,2.277432265666942,0.9938409424929592,0.10741438477965065,-262.8188556864431,439.64740495477633,17692.8190728918,-7105.192496199819,23.185177645243808,0.06867587875583193,3945.978323296742,-1638.7537010319136,19.145615281907503,0.06867587875583193,90053.53987447826,-27761.517685672185,40.97654320987657,0.0672846125515661,509.928985559714,-374.25607522800317,11.951082646328977,0.06867587875583193,152.37943615818494,-72.75848380333912,14.756133166816827,0.06867587875583193,26.589705660317122,20.245727965528697,0.32548586590269935,-56.9012402721055,20.40416394732673,0.5611340362873486,292.8502360302664,19.79473918915205,0.2805103236939845,14.25774734614879,20.115361744588178,0.32548586590269935,6.972075528895175,19.575176482207223,0.32548586590269935,-216.33495412817138,20.68071441665023,0.32548586590269935,-67.43357016536538,20.59796837097159,0.32548586590269935,271.22111770207994,15.77915431571105,0.32548586590269935,-831.8665080715946,19.12764601844929,0.5362639706129531,560.6453903695146,16.80397049634198,0.5611340362873486
2019-05-05 12:26:00,0,0,0,0.0,0.0,0.0,1,20.789747624020208,-0.37691904264647746,13.595169887777379,11.1,8.83061728816898,-152.04260054950072,174.45445116108039,-11.284018471509695,-268.20371086358864,-0.0,2.96998264,338.66540033471205,-28.44189717026524,138.7144294248492,-185.52374038437802,-598.3342925360138,-38.59970014520097,0.045,0.0011315957314131965,0.026896284787967992,0.0,0.37117322229436855,2.96998264,124.47514614559759,0.2583257397502528,9.93201080838176,0.004727014657125604,2.276468523329764,0.9939212900908357,0.10876441819585447,-279.2845966899385,453.7390478510189,17745.40636026561,-7131.385650017718,23.242108929379143,0.06867587875583193,3986.758808165966,-1653.0761199263004,19.25020100923809,0.06867587875583193,90019.62461287831,-28652.26848352368,42.08765432098768,0.0672846125515661,510.4146038502421,-374.3339337707426,11.95221248103039,0.06867587875583193,152.42457944342806,-72.78393524217155,14.758944919443575,0.06867587875583193,26.24057320416614,20.239245228639607,0.32548586590269935,-57.4661413965805,20.397892123790296,0.5611340362873486,292.98193883163185,19.787210462538933,0.2805103236939845,14.447710465429736,20.105554165532304,0.32548586590269935,6.9564944963515245,19.56949936956812,0.32548586590269935,-216.00308884467086,20.672906856568897,0.32548586590269935,-67.15748675632858,20.58953293660218,0.32548586590269935,279.17650554059037,15.945288985152981,0.32548586590269935,-858.0642257011568,19.38729986720302,0.5362639706129531,578.8877201605792,16.994963220389284,0.5611340362873486
2019-05-05 12:27:00,0,0,0,0.0,0.0,0.0,1,20.766417662875252,-0.40024900379143347,13.715018250801753,11.1,8.83061728816898,-150.72612714035193,170.51504504958297,-11.227092060629582,-267.55795801261974,-0.0,2.96998264,339.00245337558397,-25.42499746085799,143.32057671006325,-181.7245889417317,-594.0284782619444,-38.18885967385102,0.045,0.0011286043130482593,0.026896284787967992,0.0,0.3711336069409002,2.96998264,125.08894029289736,0.25869783876926566,9.923049095028386,0.004727028390554021,2.275505417058747,0.9940001755650203,0.11012328356799231,-296.356119013645,466.871164063228,17797.828841389357,-7157.242608077883,23.298277327083312,0.06867587875583193,4027.5400008727966,-1667.3922446214724,19.354628744242735,0.06867587875583193,89984.58479155878,-29552.48807326246,43.198765432098796,0.0672846125515661,510.9225884101148,-374.4175719934215,11.95342617188417,0.06867587875583193,152.47108165592164,-72.8095272517614,14.761772118590955,0.06867587875583193,25.576701446418156,20.224919694909666,0.32548586590269935,-58.12598574194999,20.383251141498047,0.5611340362873486,293.0905985685531,19.771134133991723,0.2805103236939845,14.770264534508897,20.08541768150367,0.32548586590269935,6.926900484482758,19.556688798723634,0.32548586590269935,-215.50421273506072,20.656299414308062,0.32548586590269935,-66.73426655694493,20.571941711679585,0.32548586590269935,286.71011094750247,16.107895111414656,0.32548586590269935,-882.5537278381671,19.637396762794463,0.5362639706129531,595.8436168906701,17.18153800911095,0.5611340362873486
2019-05-05 12:28:00,0,0,0,0.0,0.0,0.0,1,20.743514654747283,-0.4231520119194023,13.83682084517747,11.1,8.83061728816898,-149.5974181850086,165.05226536616829,-11.17136498343522,-266.92402284648256,-0.0,2.96998264,339.35461903654516,-22.50980396690928,147.64619033811084,-178.04160190988028,-589.828175287573,-37.875876898006624,0.045,0.001125669435297013,0.026896284787967992,0.0,0.37109474035478013,2.96998264,125.52798700490914,0.25906372788381177,9.913664115047823,0.004727042117082786,2.274542940354437,0.9940776294218578,0.11148733785172278,-314.00165453800645,479.05391990417473,17850.08488794932,-7182.774139174418,23.353707499205168,0.06867587875583193,4068.320917146856,-1681.7039053641847,19.458912243251955,0.06867587875583193,89948.42069404316,-30462.2433212622,44.30987654320991,0.0672846125515661,511.45334973427583,-374.507071417815,11.954724898632367,0.06867587875583193,152.51892998822217,-72.83525548867038,14.764614283085383,0.06867587875583193,25.17949930233226,20.212170609996004,0.32548586590269935,-58.654634536513186,20.370552616641753,0.5611340362873486,293.14189368008374,19.75734176289074,0.2805103236939845,14.985053892466567,20.068893928233557,0.32548586590269935,6.906475146042226,19.545103569492518,0.32548586590269935,-215.1057988979228,20.642029847300908,0.32548586590269935,-66.45248858649938,20.55712909085507,0.32548586590269935,293.82129149218053,16.266824436898045,0.32548586590269935,-905.3498893020151,19.877867706047006,0.5362639706129531,611.52859780984,17.36352340628918,0.5611340362873486
2019-05-05 12:29:00,0,0,0,0.0,0.0,0.0,1,20.72102061489653,-0.44564605177015437,13.960286384396543,11.1,8.83061728816898,-148.5440787905487,158.11261779642513,-11.116784848461965,-266.3014075633631,-0.0,2.96998264,339.72215124741507,-19.69856083070566,151.7646964364878,-174.48839902552805,-585.7128356198943,-37.60692250072572,0.045,0.0011227887000171306,0.026896284787967992,0.0,0.3710565907774094,2.96998264,125.90413098127638,0.2594236630549979,9.905083083196349,0.00472705583673655,2.273581088200125,0.9941537118306634,0.1128531900517257,-332.18757237852725,490.3001901749524,17902.172863857373,-7207.990579885997,23.408423097781494,0.06867587875583193,4109.100569701219,-1696.0127605857951,19.56306395387149,0.06867587875583193,89911.13261774379,-31381.601329164532,45.420987654321024,0.0672846125515661,512.0072705293378,-374.60250243148465,11.956109679161163,0.06867587875583193,152.56811137587886,-72.86112146032178,14.767471578111373,0.06867587875583193,24.889390661977814,20.20562623473881,0.32548586590269935,-59.15159884902823,20.36423332644423,0.5611340362873486,293.1880625559061,19.75003292858183,0.2805103236939845,15.15269447125138,20.05945245309528,0.32548586590269935,6.890135796340019,19.539577804040682,0.32548586590269935,-214.74605050516402,20.634243426816194,0.32548586590269935,-66.22263413126348,20.548963201254633,0.32548586590269935,300.5107810279769,16.421949322546393,0.32548586590269935,-926.4725238832907,20.108678714594454,0.5362639706129531,625.9617428553247,17.540772303295018,0.5611340362873486
2019-05-05 12:30:00,0,0,0,0.0,0.0,0.0,1,20.69892115215279,-0.4677455145138971,14.085131269763306,12.2,8.83061728816898,-108.49923287873852,282.9203461798653,-9.324061728088068,-234.32117388115924,-0.0,2.96998264,367.36724125464616,-16.957908929072957,156.0906660407776,-171.03855947894291,-581.4491085134322,-39.75083133248252,0.045,0.0010702516356735185,0.026896284787967992,0.0,0.37036084243322687,2.96998264,132.17602009050879,0.2597778449866526,9.896065316095157,0.0047270695495390674,5.015475887305442,0.9942284708508686,0.11266028360416996,-217.7047361487836,500.62508232864894,19246.138244533166,-7187.285925508577,24.406687636345776,0.06867587875583193,4468.5641202103525,-1676.4849851153447,20.506515747841405,0.06867587875583193,96054.67557875557,-31527.523137246335,46.53209876543214,0.0672846125515661,553.6721635195853,-349.10727288143534,12.762418578353508,0.06867587875583193,165.8021509232762,-70.68315597726081,15.668119038617263,0.06867587875583193,24.885853917050554,20.191660027753553,0.32548586590269935,-59.19295668787527,20.3503537153336,0.5611340362873486,293.8977670369786,19.73475223425598,0.2805103236939845,12.60201449077067,20.07948384423782,0.32548586590269935,6.8713701083449905,19.527481488350347,0.32548586590269935,-213.47584522291436,20.618128826665718,0.32548586590269935,-65.58820364235362,20.532286599379425,0.32548586590269935,306.7804858088639,16.573160344760623,0.32548586590269935,-945.9455405585541,20.329825453885263,0.5362639706129531,639.165054749712,17.713159112116102,0.5611340362873486
2019-05-05 12:31:00,0,0,0,0.0,0.0,0.0,1,20.678365689735244,-0.48830097693144126,14.217575003176522,12.2,8.83061728816898,-108.81736731879164,274.10032452949315,-9.279439645941864,-233.7544454697386,-0.0,2.96998264,367.8085817739412,-14.396127678751178,159.8062073226368,-167.80187091446834,-577.3783207281458,-34.44606618227471,0.045,0.0010677121065589476,0.026896284787967992,0.0,0.3703272114491104,2.96998264,131.24653515688883,0.260108725155552,9.887788315723515,0.00472709979744148,5.01311470818157,0.9942980064107542,0.11410976089536322,-235.99778320993414,510.0981077394273,19301.218638340208,-7456.271652676854,24.98265422845628,0.06867587875583193,4511.804470879126,-1757.3900948868268,21.08771354237564,0.06867587875583193,96013.50181165201,-32466.288910949534,47.64320987654325,0.0672846125515661,554.3373234269642,-374.3194509496705,13.124490000051068,0.06867587875583193,165.86311569278504,-74.26780903558385,16.059603739426635,0.06867587875583193,24.856986265644082,20.18516419577073,0.32548586590269935,-59.42033082176931,20.344199011062543,0.5611340362873486,294.00548936569976,19.727972525232957,0.2805103236939845,11.883081103856966,20.082504951281916,0.32548586590269935,6.848568874303396,19.523274121505537,0.32548586590269935,-212.85772236251069,20.610525386451002,0.32548586590269935,-65.31607242521932,20.524568569994695,0.32548586590269935,312.7951738430038,16.723074902861892,0.32548586590269935,-963.9773433232258,20.54538170829534,0.5362639706129531,651.1821694802202,17.88441944398396,0.5611340362873486
2019-05-05 12:32:00,0,0,0,0.0,0.0,0.0,1,20.65813380101571,-0.5085328656509773,14.350928689683853,12.2,8.83061728816898,-108.24823022042904,264.4827138793262,-9.235638170639996,-233.19663821047325,-0.0,2.96998264,368.2668092789176,-12.005993299350157,163.26554802138642,-164.78554976892482,-573.4243178417252,-34.51593562104597,0.045,0.001065214131483156,0.026896284787967992,0.0,0.37029413076513035,2.96998264,131.2140635206842,0.26043488449618396,9.879659215531422,0.0047271300289894545,5.010759077324,0.9943664566036756,0.11555082811180446,-254.77365306491978,519.256366944246,19356.123761022507,-7567.842665106124,25.22057965145636,0.06867587875583193,4555.0426981792,-1796.8316667626907,21.369805521307214,0.06867587875583193,95971.15732954741,-33414.8601610866,48.75432098765437,0.0672846125515661,555.0279343077765,-380.0704486902489,13.206887791096927,0.06867587875583193,165.92559007069954,-75.01410958565216,16.140908575553194,0.06867587875583193,24.64111049328858,20.177677383084976,0.32548586590269935,-59.8834002168951,20.337046139687764,0.5611340362873486,293.9404492656831,19.72007816339379,0.2805103236939845,11.682439788804913,20.07720204946731,0.32548586590269935,6.812852465356855,19.51900555648486,0.32548586590269935,-212.17626177638158,20.601407889640775,0.32548586590269935,-65.01719001985475,20.515328992207525,0.32548586590269935,318.66896449690284,16.872045015124876,0.32548586590269935,-981.4471789506933,20.757897562111463,0.5362639706129531,662.7782144538069,18.054382629695116,0.5611340362873486
2019-05-05 12:33:00,0,0,0,0.0,0.0,0.0,1,20.63823636958338,-0.5284302970833039,14.485077798542687,12.2,8.83061728816898,-107.21625812615255,254.02477417412592,-9.192675079405028,-232.6480521714956,-0.0,2.96998264,368.7421108849989,-9.693278385155683,166.56538528017393,-161.90099880175666,-569.7072546261668,-34.12809847977082,0.045,0.0010627589811784688,0.026896284787967992,0.0,0.3702616172095949,2.96998264,131.65448648474808,0.2607561268511562,9.872297297096022,0.0047271602442517146,5.008409103053582,0.9944337841396979,0.11698258117032316,-274.017077496763,528.041851670889,19410.851715690384,-7619.8440670319915,25.331278559996548,0.06867587875583193,4598.277699851394,-1819.9725961973961,21.534936321789075,0.06867587875583193,95927.64241338815,-34373.30493037032,49.86543209876548,0.0672846125515661,555.7442781702956,-380.2027118177362,13.208781963029992,0.06867587875583193,165.98955673434884,-75.00093880010803,16.139474293929823,0.06867587875583193,24.202039934229106,20.162670235675478,0.32548586590269935,-60.30510739133024,20.321813747100695,0.5611340362873486,293.6414306438746,19.704534646091133,0.2805103236939845,11.999869825426686,20.05695932301539,0.32548586590269935,6.766023977130658,19.50783142120554,0.32548586590269935,-211.54906311559898,20.58439797489435,0.32548586590269935,-64.75519387374516,20.498255884865987,0.32548586590269935,324.3484150342774,17.02009750179542,0.32548586590269935,-998.2341514525397,20.966843871425432,0.5362639706129531,673.8857364182768,18.222803176422058,0.5611340362873486
2019-05-05 12:34:00,0,0,0,0.0,0.0,0.0,1,20.61867357128829,-0.5479930953783949,14.619891621076821,12.2,8.83061728816898,-106.30964810926471,242.67689179653064,-9.150544971895357,-232.10869220111337,-0.0,2.96998264,369.23465581520657,-7.456957159724376,169.6242141801364,-159.0803840959071,-566.0670164029746,-33.872373912784234,0.045,0.0010603466039779165,0.026896284787967992,0.0,0.3702296700982784,2.96998264,131.979606423744,0.261072427731973,9.86447378143983,0.0047271904432987025,5.006064765447945,0.9944999879653941,0.11840398810624449,-293.70929177940013,536.3861835759308,19465.40059954574,-7656.820335095695,25.40991758596431,0.06867587875583193,4641.508371797893,-1838.7245069835299,21.66854430459368,0.06867587875583193,95882.95735849578,-35341.691496781146,50.976543209876596,0.0672846125515661,556.4866100565229,-379.78254025815124,13.202764455501,0.06867587875583193,166.0549981128301,-74.94570280632729,16.133458932824,0.06867587875583193,24.011737337554223,20.15555186413403,0.32548586590269935,-60.65644155530754,20.314891781810058,0.5611340362873486,293.5287115518149,19.69715132554664,0.2805103236939845,12.170329931050219,20.047131794475742,0.32548586590269935,6.742203315386178,19.50274126523007,0.32548586590269935,-211.1783483896579,20.576242546392958,0.32548586590269935,-64.61819219084282,20.4901422362071,0.32548586590269935,329.8024342867302,17.16682674660001,0.32548586590269935,-1014.21587687797,21.171438510925967,0.5362639706129531,684.4134425912416,18.389217253690877,0.5611340362873486
2019-05-05 12:35:00,0,0,0,0.0,0.0,0.0,1,20.599431180227217,-0.5672354864394684,14.755225525894717,12.2,8.83061728816898,-105.3552123877318,230.40983273963678,-9.109211650305967,-231.57816608126947,-0.0,2.96998264,369.74459569009514,-5.305974375663659,172.65767482296832,-156.3910623998113,-562.5929746337908,-33.568216601535646,0.045,0.0010579751748035007,0.026896284787967992,0.0,0.3701982652616728,2.96998264,132.36218270384364,0.2613839950486586,9.856796883689146,0.004727220626200703,5.003725873435818,0.9945651157954557,0.11981391921900184,-313.8281895943059,544.2380223339427,19519.768503626026,-7690.425495195474,25.481333270903463,0.06867587875583193,4684.733607552811,-1856.430006308734,21.79453006139282,0.06867587875583193,95837.10247582602,-36320.08837356741,52.08765432098771,0.0672846125515661,557.2551584791591,-379.68221392006404,13.201327570839277,0.06867587875583193,166.1218963998479,-74.94843740012595,16.13375674690741,0.06867587875583193,23.62927707185372,20.14117154206237,0.32548586590269935,-61.12025543357595,20.30048509924234,0.5611340362873486,293.26645161077613,19.682300571243985,0.2805103236939845,12.3973587285127,20.02884728027668,0.32548586590269935,6.6953822689625895,19.49232670553054,0.32548586590269935,-210.48910145959962,20.55987458994948,0.32548586590269935,-64.37911278692991,20.473918785225653,0.32548586590269935,335.0048792786547,17.311821529728544,0.32548586590269935,-1029.2987006170079,21.37097725809839,0.5362639706129531,694.2938213383532,18.55315046592747,0.5611340362873486
2019-05-05 12:36:00,0,0,0,0.0,0.0,0.0,1,20.58050039126377,-0.5861662754029169,14.890924331281667,12.2,8.83061728816898,-104.53039898774446,217.20721080600777,-9.0686509262669,-231.0562310482226,-0.0,2.96998264,370.2720651991276,-3.2200993865849603,175.46335009554733,-153.76072134382318,-559.1657709103057,-33.37087864470229,0.045,0.001055643541180408,0.026896284787967992,0.0,0.3701673874375543,2.96998264,132.62450034674504,0.26169095075301513,9.84926256625505,0.0047272507930253335,5.001392301570871,0.9946291970211678,0.1212111863060625,-334.34869078087,551.5559015868778,19573.953550865775,-7722.395695746438,25.549226912676215,0.06867587875583193,4727.952328347028,-1873.6887131142594,21.917181418394236,0.06867587875583193,95790.07805963242,-37308.56430924511,53.198765432098824,0.0672846125515661,558.050126433458,-379.7842370765635,13.202788757331751,0.06867587875583193,166.1902336151573,-74.98040199186877,16.137237819332096,0.06867587875583193,23.451170456170075,20.134237990353423,0.32548586590269935,-61.435558326513274,20.293712355283684,0.5611340362873486,293.1432404370571,19.675148674550986,0.2805103236939845,12.505827139936628,20.020058253900885,0.32548586590269935,6.670369404773169,19.487576323116155,0.32548586590269935,-210.08348972542444,20.551869419335663,0.32548586590269935,-64.25155938600074,20.4660571364488,0.32548586590269935,339.93453225355734,17.454708592972665,0.32548586590269935,-1043.4069152948869,21.564857732654172,0.5362639706129531,703.472383041335,18.714179708445105,0.5611340362873486
2019-05-05 12:37:00,0,0,0,0.0,0.0,0.0,1,20.561868506391292,-0.6047981602753936,15.026825006804932,12.2,8.83061728816898,-103.64410458661135,203.06383751991325,-9.028830582753155,-230.5425370090878,-0.0,2.96998264,370.8171809752434,-1.2128691885026237,178.23681938819604,-151.2482408387064,-555.8769638153932,-33.09703792860813,0.045,0.0010533500750296299,0.026896284787967992,0.0,0.3701370150652724,2.96998264,132.9572803652296,0.2619934807238062,9.841864978096618,0.004727280943838498,4.999063879047057,0.9946922742395645,0.12259457219987813,-355.2430635336053,558.3069010535186,19627.953751109068,-7752.984799822894,25.614144272600164,0.06867587875583193,4771.163367050043,-1890.6136411381617,22.037312373005793,0.06867587875583193,95741.88451522167,-38307.18828759821,54.30987654320994,0.0672846125515661,558.871689701048,-379.94896576840847,13.205147971953087,0.06867587875583193,166.25999143343049,-75.01923156247724,16.141466346487224,0.06867587875583193,23.100035415216553,20.12005750671564,0.32548586590269935,-61.85760891573591,20.279502708423347,0.5611340362873486,292.85076916238177,19.660621976949173,0.2805103236939845,12.702382887795466,20.002449006293663,0.32548586590269935,6.623651287187954,19.477424356219288,0.32548586590269935,-209.37234914179135,20.535731487316713,0.32548586590269935,-64.0468806950339,20.450251327227043,0.32548586590269935,344.57419077619306,17.595157708550747,0.32548586590269935,-1056.480191022878,21.75257283601608,0.5362639706129531,711.9060002466867,18.87193423956377,0.5611340362873486
2019-05-05 12:38:00,0,0,0,0.0,0.0,0.0,1,20.543528354024264,-0.6231383126424213,15.16275901561779,12.2,8.83061728816898,-102.85136772161846,187.9843024208319,-8.989730524465461,-230.03688623825875,-0.0,2.96998264,371.3800440258936,0.734422436546148,180.80227635855132,-148.78683503977186,-552.6096108057608,-32.90872544444153,0.045,0.0010510938324155526,0.026896284787967992,0.0,0.3701071356442878,2.96998264,133.20526640110575,0.26229168274506914,9.834600836774875,0.004727311078703718,4.996740501612479,0.9947543713574478,0.12396285454267761,-376.4812366108889,564.4655390317208,19681.767219872585,-7782.498449422712,25.6767391761088,0.06867587875583193,4814.365642332239,-1907.2961277868064,22.155579152081582,0.06867587875583193,95692.52217016024,-39316.0295276783,55.42098765432105,0.0672846125515661,559.7200005138313,-380.12582900446733,13.207680910417807,0.06867587875583193,166.3311514728011,-75.05816505640036,16.145706004696315,0.06867587875583193,22.935744613678253,20.113185177598435,0.32548586590269935,-62.149715976192965,20.272781724256898,0.5611340362873486,292.7055024336223,19.65360125194067,0.2805103236939845,12.804262436246972,19.993839389757603,0.32548586590269935,6.598729023974215,19.47275804333862,0.32548586590269935,-208.9570697434683,20.527800885761813,0.32548586590269935,-63.9374527878972,20.442559854375524,0.32548586590269935,348.910051128707,17.732878807603125,0.32548586590269935,-1068.471521897016,21.933699622394418,0.5362639706129531,719.5614707683199,19.026090708743194,0.5611340362873486
2019-05-05 12:39:00,0,0,0,0.0,0.0,0.0,1,20.52546922392769,-0.6411974427389957,15.2985543358627,12.2,8.83061728816898,-102.01332892437367,171.98165521374375,-8.951323368560518,-229.53898344709924,-0.0,2.96998264,371.96073864588357,2.6097129529683007,183.33923869418697,-146.4328157846476,-549.4712179046567,-32.652194473505716,0.045,0.001048873437245499,0.026896284787967992,0.0,0.37007773095100516,2.96998264,133.50699525128607,0.26258571275920084,9.827465211180357,0.004727341197683099,4.994422023823025,0.9948155242866489,0.12531482467547816,-398.0310999397298,570.0127551534736,19735.39203399533,-7811.2356819819515,25.737649619160784,0.06867587875583193,4857.558043310642,-1923.8185082997402,22.27257100631242,0.06867587875583193,95641.99139966651,-40335.15748380486,56.53209876543217,0.0672846125515661,560.595185915491,-380.3062263286651,13.21026439291811,0.06867587875583193,166.40369512639808,-75.09653741799599,16.149884376087495,0.06867587875583193,22.610637072433747,20.099110121431536,0.32548586590269935,-62.53729346845648,20.258675668825777,0.5611340362873486,292.3720124704778,19.63931081990317,0.2805103236939845,12.98477535818347,19.976606702843686,0.32548586590269935,6.5520825169536465,19.462764964367263,0.32548586590269935,-208.22058228979586,20.511781177644057,0.32548586590269935,-63.76163165981416,20.42704185313721,0.32548586590269935,352.93121223663,17.867618105392456,0.32548586590269935,-1079.345384172142,22.10788853890388,0.5362639706129531,726.4141719355175,19.176367944254338,0.5611340362873486
2019-05-05 12:40:00,0,0,0,0.0,0.0,0.0,1,20.507684414990923,-0.6589822516757629,15.43403719394504,12.2,8.83061728816898,-101.24973642924803,155.07622477135538,-8.91359052256535,-229.04864388132273,-0.0,2.96998264,372.5593330733987,4.429897246672051,185.68451480294354,-144.12288318179114,-546.3368239894287,-32.47418710593486,0.045,0.0010466880096547011,0.026896284787967992,0.0,0.37004878933337526,2.96998264,133.74251533464002,0.2628756627791086,9.819844875314324,0.004727371300836731,4.992108348514314,0.9948757553799019,0.12664930238213074,-419.8587919809534,574.9350167523088,19788.826268148965,-7839.393294270758,25.797295421051533,0.06867587875583193,4900.739458308323,-1940.2355765121088,22.388679660929036,0.06867587875583193,95590.29259640943,-41364.64184556511,57.64320987654328,0.0672846125515661,561.4973487502098,-380.4913858157647,13.212916001967189,0.06867587875583193,166.4776036200494,-75.13472893396722,16.154042875415712,0.06867587875583193,22.45772631805812,20.092287184566732,0.32548586590269935,-62.80583327711065,20.251988525928013,0.5611340362873486,292.203530584251,19.63240596565932,0.2805103236939845,13.078405045482214,19.968181464861427,0.32548586590269935,6.527210208407723,19.458169589020258,0.32548586590269935,-207.79361843864172,20.503904437180825,0.32548586590269935,-63.66742044044804,20.419490768270666,0.32548586590269935,356.62926592850454,17.99915425459987,0.32548586590269935,-1089.0761346811196,22.27485380567955,0.5362639706129531,732.4468687526241,19.32252215066463,0.5611340362873486
2019-05-05 12:41:00,0,0,0,0.0,0.0,0.0,1,20.490164506253244,-0.6765021604134418,15.569033542656806,12.2,8.83061728816898,-100.45514743796582,137.29456138041195,-8.876507849652906,-228.5656077984825,-0.0,2.96998264,373.175879810997,6.183974332260213,188.00418704607398,-141.9109019854688,-543.3287618679794,-32.23314489422208,0.045,0.0010445363383689392,0.026896284787967992,0.0,0.3700202947504937,2.96998264,134.01698557016957,0.26316166973901894,9.812956347884539,0.00472740138822338,4.989799347047555,0.994935096221721,0.12796514716281032,-441.9289730338251,579.2235344142371,19842.067995929563,-7867.078078014293,25.855904851378106,0.06867587875583193,4943.908775422861,-1956.578048470773,22.504124981803898,0.06867587875583193,95537.4261705334,-42404.552537814154,58.754320987654395,0.0672846125515661,562.4265681464497,-380.6827196048694,13.21565595381403,0.06867587875583193,166.55285802571234,-75.17297745666698,16.15820740222703,0.06867587875583193,22.155297398840048,20.078319704341286,0.32548586590269935,-63.16101885884564,20.23798432213786,0.5611340362873486,291.82933645648154,19.618345943500756,0.2805103236939845,13.2447229313575,19.95129551779845,0.32548586590269935,6.480767504799587,19.448316087055883,0.32548586590269935,-207.03211006399215,20.487998193752823,0.32548586590269935,-63.516995368634525,20.404240331645635,0.32548586590269935,359.9979506411055,18.12729476158206,0.32548586590269935,-1097.6466133763315,22.43436492474716,0.5362639706129531,737.6486627352278,19.464342599639526,0.5611340362873486
2019-05-05 12:42:00,0,0,0,0.0,0.0,0.0,1,20.47290313617519,-0.6937635304914949,15.703370314247593,12.2,8.83061728816898,-99.71785881341088,118.66848987830696,-8.840057919573304,-228.0896998065061,-0.0,2.96998264,373.81041594377297,7.887342925816576,190.14650082754687,-139.73681127528525,-540.3116328756236,-32.064566342233135,0.045,0.0010424175907490646,0.026896284787967992,0.0,0.3699922361757201,2.96998264,134.2419162726685,0.26344382177644476,9.806186011997653,0.00472743145990003,4.987494927632556,0.9949935680493149,0.12926126662129864,-464.205083961532,582.873573839839,19895.11529043675,-7894.34576048251,25.913597596780434,0.06867587875583193,4987.064882689239,-1972.8625115379143,22.619026161258958,0.06867587875583193,95483.39255012563,-43387.02808187331,59.793910425826,0.0672846125515661,563.3828999964686,-380.88073831592476,13.218491552744451,0.06867587875583193,166.6294392740007,-75.21133745046507,16.16238388547073,0.06867587875583193,22.011804807421868,20.071553340855445,0.32548586590269935,-63.4074338155915,20.231336295932483,0.5611340362873486,291.6388828735653,19.611557616395366,0.2805103236939845,13.330895430102828,19.94304696323398,0.32548586590269935,6.4560011829966015,19.443788546746013,0.32548586590269935,-206.59384032647358,20.480178746170044,0.32548586590269935,-63.43631015199571,20.396825126890782,0.32548586590269935,363.0328542128227,18.251872727953412,0.32548586590269935,-1105.0469215897901,22.586239215523555,0.5362639706129531,742.0140673769711,19.60164779242331,0.5611340362873486
2019-05-05 12:43:00,0,0,0,0.0,0.0,0.0,1,20.45589198481021,-0.7107746818564742,15.836876620777078,12.2,8.83061728816898,-98.96394604991403,99.23628581530278,-8.804219367954,-227.62069051867402,-0.0,2.96998264,374.46296345941056,9.529087310769903,192.23880856626727,-137.63903214261532,-537.3789442261846,-31.866228764634695,0.045,0.0010403306962853062,0.026896284787967992,0.0,0.36996459943229365,2.96998264,134.490981196714,0.2637222395965839,9.79953004113909,0.004727461515922419,4.985194976007335,0.9950511987518046,0.13053662384819978,-486.6496146179456,585.8859004332484,19947.966224837728,-7921.22803533408,25.970442234316387,0.06867587875583193,5030.206668236075,-1989.0986031512252,22.73345287712268,0.06867587875583193,95428.19218168866,-43562.0453278345,59.97808344915728,0.0672846125515661,564.3663774386828,-381.08552644582664,13.221424000161434,0.06867587875583193,166.7073281664289,-75.24981605754185,16.166573101149744,0.06867587875583193,21.80183196012149,20.06367980372068,0.32548586590269935,-63.74622558619012,20.223594719891203,0.5611340362873486,291.34903082467645,19.603681057547483,0.2805103236939845,13.452143640835857,19.93307159797048,0.32548586590269935,6.419795677117804,19.439200871621154,0.32548586590269935,-205.9504952442294,20.470752008536945,0.32548586590269935,-63.32608127232743,20.388029297013713,0.32548586590269935,365.73223066288665,18.372750723585643,0.32548586590269935,-1111.2771084460037,22.730355035432257,0.5362639706129531,745.5448777831189,19.734291871153395,0.5611340362873486
2019-05-05 12:44:00,0,0,0,0.0,0.0,0.0,1,20.439125009932226,-0.7275416567344593,15.969387135699543,12.2,8.83061728816898,-98.24052731001274,79.06635727734385,-8.768975832171906,-227.15841334660618,-0.0,2.96998264,375.13352957626614,11.1238647454599,194.25625512050638,-135.6138824138917,-534.5497339646731,-31.646303127909476,0.045,0.0010382748664520373,0.026896284787967992,0.0,0.36993737407776944,2.96998264,134.71687922876532,0.26399700760438327,9.792985667456218,0.004727491556344702,4.98289940537979,0.9951080085154673,0.13179026494185234,-509.2247630254109,588.2911203027547,20000.61887340474,-7947.745754963577,26.02648425781328,0.06867587875583193,5073.333020836046,-2005.2926723663652,22.847451344203044,0.06867587875583193,95371.82553008707,-43466.38028811729,59.877451693653086,0.0672846125515661,565.3770113521323,-381.2970671060431,13.22445304531533,0.06867587875583193,166.7865053881053,-75.28840499045607,16.17077414539414,0.06867587875583193,21.514834222438367,20.04830222806608,0.32548586590269935,-63.98889157614758,20.208021479416427,0.5611340362873486,290.8901378774535,19.588387409298015,0.2805103236939845,13.599211434709105,19.91506352414824,0.32548586590269935,6.373663047192167,19.42793270167496,0.32548586590269935,-205.17347589692508,20.45344774720477,0.32548586590269935,-63.215479108730506,20.371580102475278,0.32548586590269935,368.1097194846807,18.489905525865595,0.32548586590269935,-1116.391778279729,22.866889532143066,0.5362639706129531,748.28205879507,19.86228464062761,0.5611340362873486
2019-05-05 12:45:00,0,0,0,0.0,0.0,0.0,1,20.4225950195411,-0.7440716471255868,16.100752642690118,12.2,8.83061728816898,-97.53706645163928,58.26303029106816,-8.734308711489296,-226.7026700018509,-0.0,2.96998264,375.8221070610069,12.668741378344862,196.12098704407654,-133.61632985174708,-531.6866001910957,-31.49316850269699,0.045,0.001036249173987796,0.026896284787967992,0.0,0.36991054783242383,2.96998264,134.9299296217009,0.2642682295953417,9.786549586118902,0.004727521581219855,4.98060811599793,0.9951640214375848,0.13302141191429176,-531.894383247262,590.1574135383302,20053.071311552263,-7973.914558548005,26.08175803153119,0.06867587875583193,5116.442829647495,-2021.4494048876577,22.96105587143079,0.06867587875583193,95314.29307951394,-43365.22412435932,59.77094440400562,0.0672846125515661,566.4147908352056,-381.5153363767344,13.227578336517913,0.06867587875583193,166.86695151868392,-75.32709464781999,16.174985971451292,0.06867587875583193,21.391148449070897,20.041249903015864,0.32548586590269935,-64.21083115712099,20.2010897841897,0.5611340362873486,290.6828946351816,19.581385858281628,0.2805103236939845,13.672403899638084,19.90674559123904,0.32548586590269935,6.35017680261501,19.42302851560179,0.32548586590269935,-204.7320626975561,20.445381647899477,0.32548586590269935,-63.153729931840644,20.36400605579332,0.32548586590269935,370.1971095335357,18.603510494870022,0.32548586590269935,-1120.513457133835,22.99643568403022,0.5362639706129531,750.3163476003028,19.985873963504808,0.5611340362873486
2019-05-05 12:46:00,0,0,0,0.0,0.0,0.0,1,20.406295497714677,-0.760371168952009,16.230845641075337,12.2,8.83061728816898,-96.82607215614621,36.931550804168296,-8.70020100576037,-226.2532808358976,-0.0,2.96998264,376.5286745599071,14.15966115736416,197.94418264287597,-131.68639576610008,-528.9091759124733,-31.311556459864242,0.045,0.0010342527767949576,0.026896284787967992,0.0,0.369884109544358,2.96998264,135.15742704551175,0.2645359990229599,9.779611757175267,0.004727551590599476,4.978321016642944,0.9952192593382446,0.13422950502030473,-554.6251967062794,591.5567475104477,20105.32161683921,-7999.747300979886,26.136291950179984,0.06867587875583193,5159.534984751122,-2037.5725415943614,23.074293975132342,0.06867587875583193,95255.59533342285,-43294.62522101043,59.696550232327965,0.0672846125515661,567.4796837049471,-381.740314696901,13.230799584243849,0.06867587875583193,166.9486470444613,-75.36588945409618,16.179209059526727,0.06867587875583193,21.196787145479902,20.033284263647033,0.32548586590269935,-64.51404774820548,20.193229361569237,0.5611340362873486,290.3565560730058,19.573515912840314,0.2805103236939845,13.779103526995641,19.896906239130804,0.32548586590269935,6.314410268073743,19.418338691987348,0.32548586590269935,-204.06499655600055,20.435855979065852,0.32548586590269935,-63.06781270934516,20.355258470281456,0.32548586590269935,372.02650374687073,18.71385084559684,0.32548586590269935,-1123.7705614666847,23.119701027633973,0.5362639706129531,751.7440577198286,20.105409862273206,0.5611340362873486
2019-05-05 12:47:00,0,0,0,0.0,0.0,0.0,1,20.390220966063474,-0.7764457006032117,16.359559149976214,12.2,8.83061728816898,-96.1500181671143,15.164828191014635,-8.666638048825794,-225.81009480573357,-0.0,2.96998264,377.2531974173689,15.609687316414824,199.70233313419462,-129.81983915625761,-526.2331965020467,-31.109790590462303,0.045,0.0010322849619101224,0.026896284787967992,0.0,0.3698580497717977,2.96998264,135.35673204744506,0.26480039300945724,9.773384260497107,0.004727581584533912,4.9760380287929,0.9952737405331618,0.13541418094106603,-577.3868536319934,592.551681823008,20157.367904293562,-8025.255213619988,26.190110905904938,0.06867587875583193,5202.608406156594,-2053.665229166187,23.187188877158654,0.06867587875583193,95195.73277442613,-43239.39857812551,59.63831991307581,0.0672846125515661,568.5716377306798,-381.9719830326267,13.234116506262989,0.06867587875583193,167.03157242546038,-75.40478588062841,16.183443024041793,0.06867587875583193,20.927821699024207,20.017991565775137,0.32548586590269935,-64.7230152837219,20.177722551163555,0.5611340362873486,289.8495925625248,19.558432526507247,0.2805103236939845,13.909889216318334,19.87923944608602,0.32548586590269935,6.268606009497489,19.40716450429028,0.32548586590269935,-203.24963000425487,20.418608563978058,0.32548586590269935,-62.98326419940713,20.339046704468757,0.32548586590269935,373.6255581410078,18.821212995659724,0.32548586590269935,-1126.274562892453,23.23733428374882,0.5362639706129531,752.6490047514526,20.22123254300601,0.5611340362873486
2019-05-05 12:48:00,0,0,0,0.0,0.0,0.0,1,20.374364854209652,-0.7923018124570333,16.486803833767503,12.2,8.83061728816898,-95.47480853104511,-6.956266351403428,-8.633603048801263,-225.3729307614669,-0.0,2.96998264,377.9956260481818,17.015431692274568,201.32225637929676,-127.97358270571345,-523.5108011429775,-30.967805822671913,0.045,0.0010303448846418865,0.026896284787967992,0.0,0.36983235732849457,2.96998264,135.56174263922304,0.2650615071012362,9.76725652788568,0.004727611563072441,4.973759061635159,0.9953274870525498,0.13657523736353736,-600.1516632795973,593.1953969281939,20209.208187422842,-8050.448477343992,26.24323750768371,0.06867587875583193,5245.661928402155,-2069.7301838331286,23.29976067685446,0.06867587875583193,95134.70602607653,-43189.97907524494,59.58618664640213,0.0672846125515661,569.6905781807786,-382.2103177004832,13.237528753529563,0.06867587875583193,167.1157078829132,-75.4437764411474,16.187687048715116,0.06867587875583193,20.810005980067217,20.011030529908886,0.32548586590269935,-64.917746819905,20.170847817548843,0.5611340362873486,289.61858239259163,19.5515776328,0.2805103236939845,13.974591116289957,19.871138760665776,0.32548586590269935,6.245397735301935,19.40233732988273,0.32548586590269935,-202.79494581747713,20.410622765202437,0.32548586590269935,-62.935884586855536,20.331638895148444,0.32548586590269935,375.0179133438214,18.925848119519216,0.32548586590269935,-1128.1203033798156,23.34989468393703,0.5362639706129531,753.1023900360015,20.33363989792879,0.5611340362873486
2019-05-05 12:49:00,0,0,0,0.0,0.0,0.0,1,20.358721846626985,-0.807944820039701,16.612505492616705,12.2,8.83061728816898,-94.80103686591906,-29.360553549999054,-8.60108198240787,-224.9416421503384,-0.0,2.96998264,378.755899188248,18.37362053475266,202.9059050341517,-126.1864183984278,-520.8732736976823,-30.80083277279986,0.045,0.0010284318558005795,0.026896284787967992,0.0,0.3698070230875098,2.96998264,135.7717046268272,0.2653194168914096,9.760620534121198,0.004727641526263085,4.971484039552316,0.9953805166839479,0.1377126030986846,-622.8943422755572,593.5337887255581,20260.84058855774,-8075.3365664855655,26.295692813721384,0.06867587875583193,5288.694474373805,-2085.7698149527505,23.41202723381364,0.06867587875583193,95072.5156118678,-43144.04213525028,59.537705194778226,0.0672846125515661,570.8364127219551,-382.4552913408342,13.241035924131442,0.06867587875583193,167.20103374412045,-75.48286585255256,16.191941645601922,0.06867587875583193,20.624475810582226,20.0031848251277,0.32548586590269935,-65.1837950061672,20.16306223919541,0.5611340362873486,289.2587179537877,19.543906934326074,0.2805103236939845,14.068758527171667,19.861605783748875,0.32548586590269935,6.210095803168542,19.39774070319833,0.32548586590269935,-202.1073603810146,20.401199721059744,0.32548586590269935,-62.87089270755678,20.323121126233072,0.32548586590269935,376.2241451245245,19.027972573606014,0.32548586590269935,-1129.3897429978824,23.457865241894527,0.5362639706129531,753.1655978733688,20.44289001405323,0.5611340362873486
2019-05-05 12:50:00,0,0,0,0.0,0.0,0.0,1,20.343286899733524,-0.8233797669331615,16.736603057911697,12.2,8.83061728816898,-94.16479879555698,-51.98498194343301,-8.569061526323576,-224.516089917282,-0.0,2.96998264,379.5339422859173,19.695834668276404,204.4332104457099,-124.45433451894263,-518.3343776736716,-30.615820670991084,0.045,0.0010265452211577902,0.026896284787967992,0.0,0.36978203838489654,2.96998264,135.9503700080486,0.2655741940218543,9.754685618565098,0.004727671474152835,4.969212890548193,0.9954328463033573,0.13882631455948005,-645.5918145890367,593.6068326456037,20312.263199068348,-8099.928407969967,26.347496672082194,0.06867587875583193,5331.704939465261,-2101.7862767442443,23.524004542494964,0.06867587875583193,95009.16211599771,-43101.282371019006,59.49255785235887,0.0672846125515661,572.0090289947801,-382.7068725970825,13.244637558711895,0.06867587875583193,167.28753023013698,-75.52205044079443,16.19620641343061,0.06867587875583193,20.36947137590687,19.988155465427777,0.32548586590269935,-65.36482275727758,20.14780090171965,0.5611340362873486,288.7144563945403,19.5291851582549,0.2805103236939845,14.184524959740884,19.844433259287303,0.32548586590269935,6.164999717760338,19.386790832015347,0.32548586590269935,-201.26005412545055,20.384188900895687,0.32548586590269935,-62.80857556523915,20.307299102046613,0.32548586590269935,377.2623211284699,19.1277745094719,0.32548586590269935,-1130.154361304958,23.561667007718025,0.5362639706129531,752.892040176499,20.54920857324121,0.5611340362873486
2019-05-05 12:51:00,0,0,0,0.0,0.0,0.0,1,20.3280540085955,-0.8386126580711846,16.859046906374928,12.2,8.83061728816898,-93.51323304042006,-74.77363439364342,-8.537526497445898,-224.09610850209248,-0.0,2.96998264,380.32966831882857,20.9788503828612,205.83512420639119,-122.73660990682895,-515.7395913384188,-30.483875080430202,0.045,0.0010246842106942863,0.026896284787967992,0.0,0.36975739302329014,2.96998264,136.1504193191183,0.26582592640527486,9.748842952272799,0.004727701406787702,4.9669455318599685,0.9954844960578835,0.13991649649709664,-668.2230378048537,593.4494034112103,20363.47411522892,-8124.232471814326,26.39866791561721,0.06867587875583193,5374.692220966498,-2117.7815042486927,23.635706994106,0.06867587875583193,94944.64614345782,-43061.42277125374,59.45045604985809,0.0672846125515661,573.2082958447752,-382.96502493454904,13.248333123576359,0.06867587875583193,167.3751775214888,-75.56132262611614,16.200480525936676,0.06867587875583193,20.254472396303754,19.981325472238545,0.32548586590269935,-65.53575674517197,20.14102188300986,0.5611340362873486,288.4641876371534,19.52250211791608,0.2805103236939845,14.241679450813535,19.836570305578892,0.32548586590269935,6.142115162254186,19.382068909985247,0.32548586590269935,-200.79337325259257,20.376318380946486,0.32548586590269935,-62.77332464874053,20.300080655546495,0.32548586590269935,378.14833355807787,19.225418675767827,0.32548586590269935,-1130.4765992948596,23.66166848196312,0.5362639706129531,752.3282657367963,20.652794114313178,0.5611340362873486
2019-05-05 12:52:00,0,0,0,0.0,0.0,0.0,1,20.313018886593667,-0.8536477800730182,16.979797391011445,12.2,8.83061728816898,-92.870734079763,-97.67693500955352,-8.506465400477897,-223.68157971969242,-0.0,2.96998264,381.1429781248563,22.219961524806035,207.20559407200759,-121.07081924016158,-513.2289579250885,-30.329968314149717,0.045,0.0010228482659902609,0.026896284787967992,0.0,0.36973307960753693,2.96998264,136.3473284004073,0.26607467423919867,9.742486388492413,0.004727731324212552,4.964681901197519,0.9955354802767468,0.14098334578990038,-690.7688428118477,593.0919078022941,20414.471438624394,-8148.256824431462,26.44922447789432,0.06867587875583193,5417.6552181620755,-2133.757238929729,23.747147564416046,0.06867587875583193,94878.9683204096,-43024.0446670797,59.41096080191416,0.0672846125515661,574.4340638211935,-383.2297086749045,13.252122039834141,0.06867587875583193,167.46395576760023,-75.60068682633656,16.204764462644974,0.06867587875583193,20.073110921832267,19.973629237120683,0.32548586590269935,-65.76899754850456,20.133337739985556,0.5611340362873486,288.07691147764854,19.515039162192068,0.2805103236939845,14.32479141845397,19.82734325204712,0.32548586590269935,6.107330443937826,19.37757906040298,0.32548586590269935,-200.08719342859695,20.367020293418367,0.32548586590269935,-62.725953284785646,20.291797440627604,0.32548586590269935,378.8961637934117,19.3210496500091,0.32548586590269935,-1130.4109773566524,23.75819249881093,0.5362639706129531,751.514813563248,20.75382169109584,0.5611340362873486
2019-05-05 12:53:00,0,0,0,0.0,0.0,0.0,1,20.298176869513977,-0.8684897971527086,17.098823552345348,12.2,8.83061728816898,-92.26779606295207,-120.65093931517208,-8.475866071552225,-223.27237497445287,-0.0,2.96998264,381.97376073285693,23.429419028658604,208.52749089779388,-119.45308194146021,-510.8143803231486,-30.159919093259457,0.045,0.0010210367839336536,0.026896284787967992,0.0,0.36970909015062403,2.96998264,136.51046234305304,0.26632050434435933,9.736822616362122,0.004727761226471407,4.962421932249596,0.9955858145788856,0.1420271177395768,-713.2117845065435,592.5608451913714,20465.253276522282,-8172.009162240559,26.49918346724456,0.06867587875583193,5460.592832412646,-2149.7150477864966,23.858337955060406,0.06867587875583193,94812.12929458672,-42988.72394671721,59.373626535229306,0.0672846125515661,575.6861656754992,-383.5008801793927,13.256003671721281,0.06867587875583193,167.55384509583385,-75.64013922224228,16.209057806630437,0.06867587875583193,19.82616661307111,19.958893701768297,0.32548586590269935,-65.92565757661214,20.118345274326167,0.5611340362873486,287.5027849224789,19.500683356864243,0.2805103236939845,14.42727333788207,19.810659337950888,0.32548586590269935,6.063008965377776,19.366863737639584,0.32548586590269935,-199.21131800173316,20.350269092297058,0.32548586590269935,-62.682258260458184,20.27636677694326,0.32548586590269935,379.5181198120372,19.414794420729436,0.32548586590269935,-1130.0050875165398,23.851522057480967,0.5362639706129531,750.4869677045062,20.85244585702111,0.5611340362873486
2019-05-05 12:54:00,0,0,0,0.0,0.0,0.0,1,20.283522449109697,-0.883144217556989,17.21610199011787,12.2,8.83061728816898,-91.6359399740812,-143.65669601300078,-8.445714724814536,-222.8683424001762,-0.0,2.96998264,382.8218937018712,24.60416572859248,209.73497977499403,-117.84451185319732,-508.3361579770055,-30.037009694966404,0.045,0.001019249059916582,0.026896284787967992,0.0,0.36968541532142923,2.96998264,136.70813451090953,0.26656349787352457,9.730641175750396,0.004727791113607384,4.960165549302271,0.9956355174560548,0.1430481145184971,-735.5360034976915,591.8793074846907,20515.817742719933,-8195.496835218044,26.548561219337667,0.06867587875583193,5503.503967641827,-2165.656338699986,23.96928870764294,0.06867587875583193,94744.12973502785,-42955.08963959333,59.33806312731914,0.0672846125515661,576.9644168725921,-383.7784909315135,13.259977313487909,0.06867587875583193,167.64482562107125,-75.67967220741966,16.213359728930754,0.06867587875583193,19.711629512301442,19.952204535667878,0.32548586590269935,-66.07583894016716,20.111671732792466,0.5611340362873486,287.23709157259145,19.494169994935223,0.2805103236939845,14.477738318979391,19.80302727154681,0.32548586590269935,6.04049104282285,19.362247012722094,0.32548586590269935,-198.73391367839213,20.342520541698146,0.32548586590269935,-62.65719782814631,20.269333805969975,0.32548586590269935,380.02504810819846,19.50676465050979,0.32548586590269935,-1129.3004785213852,23.941905467726073,0.5362639706129531,749.2754304132031,20.94880328641703,0.5611340362873486
2019-05-05 12:55:00,0,0,0,0.0,0.0,0.0,1,20.26905222098187,-0.8976144456848161,17.331615877031272,12.2,8.83061728816898,-91.01957640842562,-166.65968074070804,-8.416002014085933,-222.46938813521254,-0.0,2.96998264,383.68724344420394,25.741987418199024,210.91548000534738,-116.28188261896486,-505.9412772758829,-29.894821640810115,0.045,0.0010174846474131118,0.026896284787967992,0.0,0.3696620492066095,2.96998264,136.89583110087287,0.2668037017550105,9.725147518649385,0.004727820985662552,4.957912701456916,0.9956846002707355,0.14404667545586955,-757.7270985408425,591.0674178001344,20566.16295739666,-8218.726865058765,26.597373338182663,0.06867587875583193,5546.387529999575,-2181.58237334965,24.080009300147807,0.06867587875583193,94674.97033308867,-42922.825124665214,59.30393734883741,0.0672846125515661,578.2686160777312,-384.06248998292165,13.264042224427374,0.06867587875583193,167.7368774532151,-75.719289949241,16.217670681849512,0.06867587875583193,19.530899761492037,19.944669496601406,0.32548586590269935,-66.28047592796065,20.104100084853194,0.5611340362873486,286.8279761894446,19.486908849658796,0.2805103236939845,14.551052238368356,19.794093279525054,0.32548586590269935,6.006282743238785,19.35786143211891,0.32548586590269935,-198.01113069178245,20.333354635746684,0.32548586590269935,-62.62460431278669,20.26127663123214,0.32548586590269935,380.42651947278137,19.597058673475658,0.32548586590269935,-1128.3334323558229,24.029560862312987,0.5362639706129531,747.9069128830524,21.043015083263345,0.5611340362873486
2019-05-05 12:56:00,0,0,0,0.0,0.0,0.0,1,20.254761856694003,-0.9119048099726825,17.445354096858466,12.2,8.83061728816898,-90.42086981700811,-189.6292965393303,-8.38671678836056,-222.07539284155413,-0.0,2.96998264,384.5696655645907,26.85006140029958,212.03737547827137,-114.7522419514918,-503.59209273050715,-29.752861493286368,0.045,0.0010157429884035743,0.026896284787967992,0.0,0.3696389844163104,2.96998264,137.0712571729066,0.2670411784968937,9.719133532994618,0.0047278508426783,4.955663327415026,0.9957330775282159,0.1450231688834696,-779.7720090956262,590.1427125562959,20616.28704792825,-8241.705960613197,26.645634731201696,0.06867587875583193,5589.2424283382425,-2197.49427868818,24.190508232663117,0.06867587875583193,94604.6518021485,-42891.65795072179,59.27096223255333,0.0672846125515661,579.5985456677063,-384.35282244213556,13.268197607260205,0.06867587875583193,167.82998070608778,-75.75898852345864,16.22199023718705,0.06867587875583193,19.334402293072344,19.936399971284764,0.32548586590269935,-66.44491057052801,20.095689711835067,0.5611340362873486,286.3702096862835,19.47895952357684,0.2805103236939845,14.625196937927285,19.784376818653804,0.32548586590269935,5.97043725615049,19.352874178030035,0.32548586590269935,-197.25742972338048,20.32336782197304,0.32548586590269935,-62.59790587952375,20.25247757701899,0.32548586590269935,380.7309907967192,19.68576324067369,0.32548586590269935,-1127.1356405825209,24.11468012375034,0.5362639706129531,746.4046497858217,21.135188796421364,0.5611340362873486
2019-05-05 12:57:00,0,0,0,0.0,0.0,0.0,1,20.240646983145147,-0.9260196835215382,17.557310491047613,12.2,8.83061728816898,-89.85110858644876,-212.53843332807253,-8.357847905181732,-221.6862359497628,-0.0,2.96998264,385.46900519052656,27.930053558908817,213.1137506495188,-113.25766217945991,-501.31870102922574,-29.60464401965343,0.045,0.0010140235207170521,0.026896284787967992,0.0,0.3696162135057024,2.96998264,137.22299262849575,0.26727599172446187,9.713802440456405,0.004727880684695178,4.953417365715309,0.9957809638933292,0.14597798530047543,-801.6589073142496,589.1204739861771,20666.188149168625,-8264.440531651724,26.693359640610772,0.06867587875583193,5632.067574258972,-2213.393057274082,24.300793104582425,0.06867587875583193,94533.17487798244,-42861.35213714032,59.23888902956804,0.0672846125515661,580.9539722286871,-384.6494294363953,13.272442607608284,0.06867587875583193,167.92411550507495,-75.79876339541816,16.22631790040469,0.06867587875583193,19.10841689351946,19.921202861864092,0.32548586590269935,-66.56224351483252,20.080214746006046,0.5611340362873486,285.7940639873559,19.464191179180997,0.2805103236939845,14.707459004366683,19.767546617592462,0.32548586590269935,5.929974342779133,19.341338308477283,0.32548586590269935,-196.40207645580813,20.30623758389803,0.32548586590269935,-62.57559425737418,20.236726193193924,0.32548586590269935,380.9459459541704,19.772955037359026,0.32548586590269935,-1125.7347929751268,24.19743229367307,0.5362639706129531,744.7888470209509,21.225420171532154,0.5611340362873486
2019-05-05 12:58:00,0,0,0,0.0,0.0,0.0,1,20.226703003487074,-0.9399636631796113,17.667483199987156,12.2,8.83061728816898,-89.23939552877746,-235.36307910433686,-8.329383864005415,-221.301790721532,-0.0,2.96998264,386.385097302965,28.979729827524103,214.09442179386963,-111.76949795925466,-498.9813026925309,-29.49270404504512,0.045,0.0010123256562189105,0.026896284787967992,0.0,0.36959372868611867,2.96998264,137.42179641675995,0.2675082091386463,9.707947757473303,0.004727910511752891,4.951174752667414,0.9958282747982218,0.1469115316537938,-823.3770987877602,588.0140196834234,20715.864403760243,-8286.936701551245,26.740561672375136,0.06867587875583193,5674.8618821778455,-2229.2795966891363,24.410870684930025,0.06867587875583193,94460.540319069,-42831.703028666045,59.2075018422689,0.0672846125515661,582.3346470546318,-384.95224815771525,13.276776314674024,0.06867587875583193,168.019261994503,-75.83860936379003,16.23065310451827,0.06867587875583193,18.992320701996505,19.914535906475244,0.32548586590269935,-66.69308653265762,20.073526148430638,0.5611340362873486,285.5171852934436,19.45771638581283,0.2805103236939845,14.749849814806112,19.760040546449993,0.32548586590269935,5.908074164814593,19.336676698631464,0.32548586590269935,-195.91290401541482,20.298486285087048,0.32548586590269935,-62.56143942700146,20.2297590329124,0.32548586590269935,381.07801856452716,19.858702000864692,0.32548586590269935,-1124.155090140448,24.277966533651995,0.5362639706129531,743.0770715759281,21.313794673237176,0.5611340362873486
2019-05-05 12:59:00,0,0,0,0.0,0.0,0.0,1,20.212927483271546,-0.9537391833951396,17.775874086912722,12.2,8.83061728816898,-88.65156151751566,-258.0819765865591,-8.301317665171227,-220.92199003742886,-0.0,2.96998264,387.31776770506855,29.998540059599286,215.05325767015805,-110.32103060889588,-496.72650550094437,-29.364157464389272,0.045,0.0010106490711948024,0.026896284787967992,0.0,0.3695715256706099,2.96998264,137.60176354508442,0.2677378630176982,9.702771874443041,0.0047279403238902696,4.9489354498718825,0.9958750183423198,0.14782422656183064,-844.9169314082188,586.8349548216597,20765.313995930148,-8309.200325553356,26.78725383669645,0.06867587875583193,5717.624298424405,-2245.1546835554914,24.520747014012944,0.06867587875583193,94386.74885639566,-42802.533235680894,59.17661338832367,0.0672846125515661,583.7403076073249,-385.2612142965549,13.281197796087959,0.06867587875583193,168.11540041028272,-75.87853031135693,16.234996270920035,0.06867587875583193,18.80657271673408,19.907137059370783,0.32548586590269935,-66.86506171726796,20.066022223504827,0.5611340362873486,285.08486772928154,19.450621641139794,0.2805103236939845,14.811979711604181,19.751380314299144,0.32548586590269935,5.874518098403087,19.3323498129869,0.32548586590269935,-195.16793678740942,20.289404990506103,0.32548586590269935,-62.544939751351194,20.22189602267915,0.32548586590269935,381.13309900049353,19.943064465480354,0.32548586590269935,-1122.41769010172,24.356414697573094,0.5362639706129531,741.284591101241,21.400388808169645,0.5611340362873486
