Time,Total Electric Power (kW),Total Reactive Power (kVAR),Total Gas Power (therms/hour),Total Electric Energy (kWh),Total Reactive Energy (kVARh),Total Gas Energy (therms),Grid Voltage (-),Temperature - Indoor (C),Unmet HVAC Load (C),Temperature - Attic (C),Temperature - Outdoor (C),Temperature - Ground (C),Net Sensible Heat Gain - Indoor (W),Net Sensible Heat Gain - Attic (W),Infiltration Heat Gain - Indoor (W),Forced Ventilation Heat Gain - Indoor (W),Natural Ventilation Heat Gain - Indoor (W),Internal Heat Gain - Indoor (W),Window Transmitted Solar Gain (W),Internal Mass Heat Gain - Indoor (W),Floor Heat Gain - Indoor (W),Roof Heat Gain - Indoor (W),Wall Heat Gain - Indoor (W),Window Heat Gain - Indoor (W),Occupancy (Persons),Infiltration Flow Rate - Indoor (m^3/s),Forced Ventilation Flow Rate - Indoor (m^3/s),Natural Ventilation Flow Rate - Indoor (m^3/s),Air Changes per Hour - Indoor (1/hour),Occupancy Heat Gain - Indoor (W),Radiation Heat Gain - Indoor (W),Relative Humidity - Indoor (-),Wet Bulb - Indoor (C),Humidity Ratio - Indoor (-),Net Latent Heat Gain - Indoor (W),Air Density - Indoor (kg/m^3),Infiltration Flow Rate - Attic (m^3/s),Infiltration Heat Gain - Attic (W),Radiation Heat Gain - Attic (W),Exterior Wall Ext. Solar Gain (W),Exterior Wall Ext. LWR Gain (W),Exterior Wall Ext. Surface Temperature (C),Exterior Wall Ext. Film Coefficient (m^2-K/W),Attic Wall Ext. Solar Gain (W),Attic Wall Ext. LWR Gain (W),Attic Wall Ext. Surface Temperature (C),Attic Wall Ext. Film Coefficient (m^2-K/W),Attic Roof Ext. Solar Gain (W),Attic Roof Ext. LWR Gain (W),Attic Roof Ext. Surface Temperature (C),Attic Roof Ext. Film Coefficient (m^2-K/W),Window Ext. Solar Gain (W),Window Ext. LWR Gain (W),Window Ext. Surface Temperature (C),Window Ext. Film Coefficient (m^2-K/W),Door Ext. Solar Gain (W),Door Ext. LWR Gain (W),Door Ext. Surface Temperature (C),Door Ext. Film Coefficient (m^2-K/W),Exterior Wall Indoor LWR Gain (W),Exterior Wall Indoor Surface Temperature (C),Exterior Wall Indoor Film Coefficient (m^2-K/W),Attic Floor Indoor LWR Gain (W),Attic Floor Indoor Surface Temperature (C),Attic Floor Indoor Film Coefficient (m^2-K/W),Floor Indoor LWR Gain (W),Floor Indoor Surface Temperature (C),Floor Indoor Film Coefficient (m^2-K/W),Window Indoor LWR Gain (W),Window Indoor Surface Temperature (C),Window Indoor Film Coefficient (m^2-K/W),Door Indoor LWR Gain (W),Door Indoor Surface Temperature (C),Door Indoor Film Coefficient (m^2-K/W),Interior Wall Indoor LWR Gain (W),Interior Wall Indoor Surface Temperature (C),Interior Wall Indoor Film Coefficient (m^2-K/W),Indoor Furniture Indoor LWR Gain (W),Indoor Furniture Indoor Surface Temperature (C),Indoor Furniture Indoor Film Coefficient (m^2-K/W),Attic Wall Attic LWR Gain (W),Attic Wall Attic Surface Temperature (C),Attic Wall Attic Film Coefficient (m^2-K/W),Attic Roof Attic LWR Gain (W),Attic Roof Attic Surface Temperature (C),Attic Roof Attic Film Coefficient (m^2-K/W),Attic Floor Attic LWR Gain (W),Attic Floor Attic Surface Temperature (C),Attic Floor Attic Film Coefficient (m^2-K/W)
2019-07-15 12:00:00,0.0,0.0,0.0,0.0,0.0,0.0,1.0,24.647514721851323,0.0,34.883883903199184,33.599999999999994,15.099209965306102,376.3166490829981,342.8496233708273,9.172849874833085,227.61531243175108,0.0,2.96998264,314.9270308887739,-34.851903796711404,-496.0487336462938,96.49817886623264,229.15266560392985,125.36940015902829,0.045,0.0010823751349035922,0.026896284787967992,0.0,0.37052139393378,2.96998264,136.5585041364139,0.298353731972,13.3045934477639,0.006923941985303676,-2.70655998050631,0.9747789691453977,0.10222327934128221,-153.28834365173097,496.13796702255837,15699.338378194108,-7090.496629049407,42.19423605559449,0.06867587875583193,3685.127607084524,-1797.7508194822258,39.83514485424123,0.06867587875583193,91950.76151357581,-34603.764083923255,62.09934234160275,0.0672846125515661,544.5459689888683,-361.3113087878282,32.89220357884805,0.06867587875583193,150.4097487013863,-77.25590793703762,35.71932293511124,0.06867587875583193,-162.32641835666217,24.941657230692147,0.32548586590269935,-85.22253329661399,24.73609686397527,0.5611340362873486,370.40547828114757,23.97576564265763,0.2805103236939845,-122.45954756135589,26.14232113181436,0.32548586590269935,-9.63307128151348,25.55185938139539,0.32548586590269935,7.352948960395831,24.582076432669457,0.32548586590269935,1.8831432546065723,24.58648107488217,0.32548586590269935,222.89819692742634,36.72912697455408,0.32548586590269935,-886.2923563174633,39.20274798960039,0.5362639706129531,663.3941593900446,37.106825880561054,0.5611340362873486
2019-07-15 13:00:00,0.0,0.0,0.0,0.0,0.0,0.0,1.0,24.96860622001236,0.0,40.369460902588806,34.45,15.099209965306102,417.20062746475793,-307.30221126975533,11.232789052959346,240.4402644236753,0.0,2.96998264,377.0661817184121,-58.964389743895936,-545.4630324549929,76.94412083057347,212.80852191875803,132.4286754970541,0.045,0.0012508031078104652,0.026896284787967992,0.0,0.37275188558244826,2.96998264,162.55759134812325,0.2907836699270116,13.43310438373447,0.006919127280172791,-35.07518286952954,0.972885073809122,0.15502195857543816,-869.4777490680287,562.1755377982735,17934.331748835626,-8351.139653672857,45.32153023191499,0.06867587875583193,5746.954127350386,-2644.1692644071927,45.622133696258565,0.06867587875583193,80168.44451047263,-41667.02100730823,70.67269406509747,0.0672846125515661,651.9918875090272,-377.84932110800185,34.0423811220222,0.06867587875583193,171.97561402581445,-82.76845704913885,37.1377202388793,0.06867587875583193,-159.5338287866524,25.188929498496258,0.32548586590269935,-78.57750555412846,24.97883529452969,0.5611340362873486,379.87950457836183,24.215662914081786,0.2805103236939845,-136.58105827720783,26.568974702378387,0.32548586590269935,-10.348424269158041,25.874109854960256,0.32548586590269935,0.7707660633828103,24.84716497281028,0.32548586590269935,4.39054624539846,24.83022392935554,0.32548586590269935,297.58626777116325,41.63777761162337,0.32548586590269935,-1032.6569954232064,44.63781848211009,0.5362639706129531,735.0707276520501,42.340979091274974,0.5611340362873486
2019-07-15 14:00:00,0.0,0.0,0.0,0.0,0.0,0.0,1.0,25.29701161358494,0.0,42.31974293674222,35.3,15.099209965306102,457.9521614660728,-621.5258976671612,11.979884999300271,253.3791183768648,0.0,2.96998264,433.2263922045595,-69.45581491564782,-581.2564272392639,79.13852126623837,231.36531796631292,138.20052035102944,0.045,0.0012732162849784393,0.026896284787967992,0.0,0.37304870328814455,2.96998264,189.6231754499078,0.2841941340451488,13.527324652700601,0.0068955754860886296,-97.14798139133694,0.9718282080110762,0.15991271773425364,-1057.6947062404877,436.1688085733264,19238.40589741192,-9019.336925055404,47.02308989878465,0.06867587875583193,7627.111425892307,-3463.4943445400627,50.64922367422905,0.06867587875583193,74115.37709594054,-38428.40593322135,67.71720415491293,0.0672846125515661,749.0995132072443,-414.8209658656015,35.07492849777462,0.06867587875583193,165.89539194629577,-83.11360760557196,37.7582788397822,0.06867587875583193,-174.19435299965613,25.534466229772963,0.32548586590269935,-82.36380501820895,25.30016232727875,0.5611340362873486,404.09189638447873,24.49282425377828,0.2805103236939845,-147.46275177430365,27.014583163713144,0.32548586590269935,-11.140709218868945,26.264224809047292,0.32548586590269935,-0.063624627533621,25.16403491374961,0.32548586590269935,11.133347254094042,25.117857048382685,0.32548586590269935,198.02988103964228,43.210347182944965,0.32548586590269935,-780.4725495717514,45.299863886428874,0.5362639706129531,582.4426685321166,43.54299881448612,0.5611340362873486
2019-07-15 15:00:00,0.0,0.0,0.0,0.0,0.0,0.0,1.0,25.63732143195129,0.0,43.403621368534566,35.85,15.099209965306102,477.6785113825306,-784.1948160422087,13.184956701634588,258.17700217243123,0.0,2.96998264,452.64292385034435,-77.10943174742411,-618.6271930888797,89.47819616339426,253.97386602880798,141.0142382820891,0.045,0.0013707895327340243,0.026896284787967992,0.0,0.37434086581017767,2.96998264,203.34656986846477,0.27660333937508813,13.602431388131048,0.006851895994512384,-111.52620434590482,0.9701855686970531,0.16862244135381046,-1196.260036876143,412.06522083393446,18829.88530641844,-9061.853360988645,47.27155808554082,0.06867587875583193,9108.620898625019,-4168.240448087535,54.55356643297348,0.06867587875583193,66619.77086869422,-36063.18082935221,65.06705775946617,0.0672846125515661,782.6729857974431,-444.2455000456403,35.609079140830424,0.06867587875583193,132.36314728576485,-75.83581675123517,37.31220906400658,0.06867587875583193,-191.64761577304333,25.90056448650078,0.32548586590269935,-92.19007595194998,25.646292141784375,0.5611340362873486,430.23462464703914,24.782025940418077,0.2805103236939845,-150.79491661381624,27.380225199106054,0.32548586590269935,-11.31944699939413,26.60850862472593,0.32548586590269935,-2.0887045213968425,25.497769953409318,0.32548586590269935,17.80613521256158,25.420866979809364,0.32548586590269935,135.48562002338477,44.61503424186986,0.32548586590269935,-704.7947079251804,46.236406020903445,0.5362639706129531,569.3090879018029,44.60593511957084,0.5611340362873486
2019-07-15 16:00:00,0.0,0.0,0.0,0.0,0.0,0.0,1.0,25.96146759335329,0.0,43.08470119454308,35.85,15.099209965306102,482.4071591530731,-1152.7829533100487,21.13056284923872,249.82871899181845,0.0,3.563979167999999,436.8021226305364,-83.38171984452538,-655.3854372828052,101.024678312987,272.3684680832908,136.59516802264864,0.053999999999999986,0.002298777199304837,0.026896284787967992,0.0,0.38663020649765273,3.563979167999999,207.88389814401592,0.2696931623086848,13.676263337937067,0.006814141692104034,-112.63401121901464,0.9685565427985087,0.21318206670742787,-1445.9258222658875,293.142868955839,17123.84443565353,-8358.99993899883,46.17668767240102,0.06867587875583193,9123.2616862965,-4212.959739467161,54.89299066429712,0.06867587875583193,47620.36021258254,-27285.53218599407,56.16947142283409,0.0672846125515661,755.2823727228641,-432.1073740226206,35.6024924099609,0.06867587875583193,148.53886031455332,-79.8879827360656,37.797112975353585,0.06867587875583193,-207.73420083019252,26.241181763941817,0.32548586590269935,-104.16530974846538,25.973431517830615,0.5611340362873486,453.58424889849397,25.053493355462948,0.2805103236939845,-146.57609448405455,27.630326989235005,0.32548586590269935,-11.357755549153266,26.916774998401895,0.32548586590269935,-6.598023950536662,25.8131187618236,0.32548586590269935,22.847135663909103,25.70829270361272,0.32548586590269935,23.474908736526565,44.28747774231855,0.32548586590269935,-455.4025227242944,44.9774156342428,0.5362639706129531,431.92761398777606,43.82647026062896,0.5611340362873486
2019-07-15 17:00:00,0.0,0.0,0.0,0.0,0.0,0.0,1.0,26.194685936716905,0.0,40.685979645995204,32.8,15.099209965306102,391.9125869891306,-1831.6298995693114,19.33494020897407,167.7709236156615,0.0,6.533961808,369.26445090930946,-76.23189832150157,-682.9233250090427,118.14161096922611,291.219397193882,89.39275383508112,0.099,0.0031445148030437567,0.026896284787967992,0.0,0.3978303096013541,6.533961808,198.2727613564951,0.26474905365368934,13.732009883520211,0.006777925874052196,-8.563442345542175,0.9683829990779445,0.2622679325792446,-2000.1105588242306,168.480659254919,15039.52664678688,-7756.470115739768,42.93237986910317,0.06867587875583193,7247.348907291715,-3620.2799401619177,49.66245343346918,0.06867587875583193,27950.122289699444,-18477.523323206682,44.94872807926832,0.0672846125515661,638.5017750495044,-408.07301933287704,32.96746881348721,0.06867587875583193,210.39996569931083,-100.15200801843052,37.29038699087399,0.06867587875583193,-226.64787498637816,26.48601692185412,0.32548586590269935,-122.84816378794021,26.20963599890307,0.5611340362873486,465.2903885373796,25.241628583106507,0.2805103236939845,-105.18141542831522,27.319519346186908,0.32548586590269935,-11.639887702619781,27.14790712670679,0.32548586590269935,-22.631371853244126,26.045353519729122,0.32548586590269935,23.658325221123473,25.91109959220947,0.32548586590269935,-90.84012163981346,42.129440152582326,0.32548586590269935,-195.92983707695518,41.84158151046708,0.5362639706129531,286.7699587167762,41.19265724985991,0.5611340362873486
2019-07-15 18:00:00,0.0,0.0,0.0,0.0,0.0,0.0,1.0,26.15836299544412,0.0,35.930999537463734,28.6,15.099209965306102,267.20283609286366,-1657.7998690478892,6.4386142328330385,62.7696765060038,0.0,10.691937504,288.74566064363967,-35.54471472407763,-672.6946500122615,146.45853946020986,307.5074617752614,30.459896736893054,0.162,0.002128250031930974,0.026896284787967992,0.0,0.38437191521661496,10.691937504,187.30260785002685,0.2666101029629343,13.750283415775515,0.006807043504471066,96.84940091320281,0.9690826145466056,0.23740610905865753,-1659.142319493024,1.3424504451345411,11624.325689396082,-5947.7747578259,36.2796364691748,0.06867587875583193,5107.470818320761,-2529.7332121703153,40.412037055319594,0.06867587875583193,13133.908178988777,-11104.10179906672,33.05419241124992,0.0672846125515661,499.27529282824287,-366.92457370497976,28.82947895516436,0.06867587875583193,224.53322811642917,-100.05867116288482,33.804587043634434,0.06867587875583193,-236.71805382920672,26.485284883172636,0.32548586590269935,-143.73389491329314,26.221874171792635,0.5611340362873486,460.229752933103,25.227810220917807,0.2805103236939845,-44.42380909748467,26.54239635220711,0.32548586590269935,-10.372242413833739,27.00260699140274,0.32548586590269935,-45.43024858851507,26.06075058285349,0.32548586590269935,20.448495909228345,25.902244148473173,0.32548586590269935,-188.7033455635855,37.355096899856974,0.32548586590269935,117.0075237845506,36.04061594882564,0.5362639706129531,71.6958217790411,36.091800761980224,0.5611340362873486
2019-07-15 19:00:00,0.0,0.0,0.0,0.0,0.0,0.0,1.0,25.981264256089393,0.0,32.0479057747561,26.1,15.099209965306102,99.24343389597799,-1023.0821512499863,-0.18818921302127503,2.9892467343273834,-40.2591028863874,10.691937504,126.26379207885333,0.8054932296591947,-647.529608107008,165.07333541582003,297.75026826288524,2.5728620517861795,0.162,0.0013487428849529796,0.026896284787967992,0.045935354664020454,0.9823708048131323,10.691937504,126.00954175705928,0.27153410195682504,13.737102110230078,0.006856816852932572,287.0076486740459,0.9701883501702756,0.16142467230346744,-922.0835115036151,-100.99863974637115,4916.350702991015,-3578.9878526599223,29.305147517388882,0.06867587875583193,2029.9163892960134,-1430.5914489515203,31.35738285318681,0.06867587875583193,3804.1668532378562,-7005.837037521763,25.19926638723124,0.0672846125515661,218.32498408201613,-309.4228586329419,25.747285757570427,0.06867587875583193,117.44522586904827,-72.685536803616,28.925779995305884,0.06867587875583193,-228.95821724914714,26.307728251172996,0.32548586590269935,-156.54393316365375,26.081258213697215,0.5611340362873486,444.046379574802,25.091376279253783,0.2805103236939845,-1.3538420894894898,25.84065162286928,0.32548586590269935,-8.40372926920888,26.649724934517693,0.32548586590269935,-62.59938785946239,25.927071280884082,0.32548586590269935,13.812730056163794,25.767400461022255,0.32548586590269935,-207.97671278743502,33.043577055376524,0.32548586590269935,282.983589403637,31.319317961253393,0.5362639706129531,-75.00687661619547,31.830085010720026,0.5611340362873486
2019-07-15 20:00:00,0.0,0.0,0.0,0.0,0.0,0.0,1.0,25.574637392870464,0.0,28.790473203793624,23.9,15.099209965306102,-89.1452742122928,-706.3969561246665,-3.658579838894627,-44.0001074898076,-126.27899910513813,10.691937504,9.122437955419647,48.15955041772464,-591.1880395102357,179.37440878759259,273.55601753575337,-18.025510349897903,0.162,0.00197969818141412,0.026896284787967992,0.08143724679171936,1.4608781039941112,10.691937504,74.10047471754754,0.2847760137710244,13.740596629232614,0.007012931476333596,446.24771904013073,0.9725799599011803,0.11423524942343004,-546.5726975116575,-159.82425861300908,338.43723221545713,-1728.947418914161,23.166086776628347,0.06867587875583193,122.56340599018934,-629.5543844093817,23.817900229250462,0.06867587875583193,109.208974062763,-5512.321788458366,20.381368232095383,0.0672846125515661,15.773770838138299,-281.4657666090621,23.047680880589052,0.06867587875583193,10.261339515795434,-40.60491563994017,23.520119497879453,0.06867587875583193,-206.97154959429693,25.898400475061788,0.32548586590269935,-161.50295462766564,25.72578136920278,0.5611340362873486,412.1308820225822,24.777154776215884,0.2805103236939845,33.412426994498404,25.036325499912955,0.32548586590269935,-4.992031076120272,25.952518824075742,0.32548586590269935,-76.06859669659025,25.58507147488533,0.32548586590269935,3.991822977594226,25.443150711891914,0.32548586590269935,-175.24817954080692,29.17465050377889,0.32548586590269935,350.75525283839113,27.505591901281733,0.5362639706129531,-175.50707329757668,28.29373538131872,0.5611340362873486
2019-07-15 21:00:00,0.0,0.0,0.0,0.0,0.0,0.0,1.0,25.042188975989323,0.0,25.76569088968488,21.7,15.099209965306102,-226.34477222016264,-593.7114364333663,-9.598186319530111,-88.30702570989071,-201.73839157727076,12.077929402666665,0.0,99.45805735999929,-514.1383290728999,193.51222502305933,244.197161016942,-40.90797849628193,0.183,0.0027648279171358036,0.026896284787967992,0.0631710177796298,1.229375905917791,12.077929402666665,61.22090198386227,0.30078687239671154,13.698626593450339,0.00717364167510691,462.6690852600073,0.9748240026023892,0.10450827539993314,-422.6908972244666,-171.0205392088997,0.0,-1649.290828432531,20.527308825305592,0.06867587875583193,0.0,-573.2776950675299,20.971397944499117,0.06867587875583193,0.0,-5656.0674268236335,17.661770400116396,0.0672846125515661,0.0,-308.08590260258165,20.93287501126082,0.06867587875583193,0.0,-39.526608367365924,20.95620630139205,0.06867587875583193,-176.53510973928024,25.368577061695763,0.32548586590269935,-162.29744645331436,25.261178488053538,0.5611340362873486,372.15375616568673,24.37349180554778,0.2805103236939845,58.37694356332824,24.248584542231757,0.32548586590269935,-1.9435385184612453,25.185462346741126,0.32548586590269935,-83.59567994839271,25.130958138878995,0.32548586590269935,-6.15892506956346,25.01798804517797,0.32548586590269935,-135.48461171917992,25.909613105474243,0.32548586590269935,342.50233889029784,24.472397406125893,0.5362639706129531,-207.01772717111223,25.324352836180505,0.5611340362873486
2019-07-15 22:00:00,0.0,0.0,0.0,0.0,0.0,0.0,1.0,24.493835559846204,0.0,23.114903996047694,20.0,15.099209965306102,-253.76459757583248,-468.8457304808496,-13.897247680216573,-119.34125622409196,-183.5225761778452,12.077929402666665,0.0,132.08017613319743,-439.46047431486596,195.33638482254554,205.70211742439815,-57.94644224280333,0.183,0.00312676523759693,0.026896284787967992,0.04222034529189722,0.9567192856743472,12.077929402666665,50.91855310365456,0.3183991352125124,13.661164713774916,0.00734695743455382,416.6341026528397,0.9770823733435183,0.09792177828872822,-302.5042156875085,-166.34151479334113,0.0,-1581.138657363976,18.79584486213786,0.06867587875583193,0.0,-530.3626746552007,19.089003397271608,0.06867587875583193,0.0,-5408.354620503834,15.878998233518308,0.0672846125515661,0.0,-310.8993174975893,19.40066164163331,0.06867587875583193,0.0,-38.34777703678421,19.26264512915191,0.06867587875583193,-143.45579775061827,24.79526534995713,0.32548586590269935,-156.62641270444948,24.748626883663363,0.5611340362873486,327.77331739906964,23.94023874477499,0.2805103236939845,73.85446809808555,23.541398323063948,0.32548586590269935,0.4248388247409139,24.445370041086374,0.32548586590269935,-84.47243790299083,24.628629654790366,0.32548586590269935,-17.497975963835053,24.56085198311495,0.32548586590269935,-104.89798076639858,23.200634750229213,0.32548586590269935,316.17711980393443,21.980770339505977,0.5362639706129531,-211.27913903752815,22.82160188249166,0.5611340362873486
2019-07-15 23:00:00,0.0,0.0,0.0,0.0,0.0,0.0,1.0,24.022092588137973,0.0,21.108134610788152,19.15,15.099209965306102,-227.5042752239215,-321.75353477775184,-14.573589850454887,-129.80549519353573,-131.14391957079437,12.077929402666665,0.0,137.26130604334725,-381.15135556484717,180.20980866717716,157.89470601932723,-63.91000963669881,0.183,0.003015925729488489,0.026896284787967992,0.027189411268158162,0.7561967784808027,12.077929402666665,35.94079998819685,0.3334686658621206,13.614127601818733,0.007477299295806482,314.11414588216405,0.9791600794256866,0.08727419271141916,-169.64416086883594,-152.10937390891593,0.0,-1529.0010085406018,17.86862765321881,0.06867587875583193,0.0,-495.53278543983026,18.02690824891245,0.06867587875583193,0.0,-5242.532147852151,14.865293956761926,0.0672846125515661,0.0,-311.55384475576153,18.606901766436028,0.06867587875583193,0.0,-37.34888206387677,18.35277510105454,0.06867587875583193,-111.30516495487197,24.261003672122115,0.32548586590269935,-144.03266800238003,24.26222517181721,0.5611340362873486,283.79048525587837,23.545072656516183,0.2805103236939845,78.46242556566511,23.010776176881205,0.32548586590269935,2.0697261517920214,23.813158423119766,0.32548586590269935,-79.82149452838252,24.154920652684847,0.32548586590269935,-29.163309487702463,24.143379809329684,0.32548586590269935,-78.12172718463674,21.165751840704157,0.32548586590269935,277.89691183204667,20.17356654463774,0.5362639706129531,-199.77518464740461,20.95094851950676,0.5611340362873486
2019-07-16 00:00:00,0.0,0.0,0.0,0.0,0.0,0.0,1.0,23.594296329125726,0.0,19.679182811844353,18.35,15.099209965306102,-200.06377239622904,-246.1615620470623,-13.89570716477247,-140.12551965241903,-79.98619263048276,12.077929402666665,0.0,136.65848813464905,-330.93000757634456,160.18243193047604,115.2029589102155,-69.55225809459118,0.183,0.0026771165404496436,0.026896284787967992,0.01571603251227268,0.5997679732833323,12.077929402666665,21.865717648778578,0.34684478111914724,13.553408200458739,0.0075809956272906345,240.64337459876117,0.9805110323497014,0.08340472997492138,-111.49064902500884,-134.67091302205344,0.0,-1515.6236384817596,17.091505614047374,0.06867587875583193,0.0,-476.51484350905247,17.140197171466415,0.06867587875583193,0.0,-5180.06940324556,14.099534720394551,0.0672846125515661,0.0,-311.97636879226536,17.872100344939973,0.06867587875583193,0.0,-36.69483488323064,17.540039413919935,0.06867587875583193,-84.29613214900915,23.767253208169006,0.32548586590269935,-129.3105812177963,23.80213136555209,0.5611340362873486,242.97078402461509,23.175462894939635,0.2805103236939845,82.54702920430834,22.516618893491234,0.32548586590269935,3.1113065988103945,23.270421600850305,0.32548586590269935,-75.39502225038886,23.711622689938125,0.32548586590269935,-39.62738421053655,23.751393472469434,0.32548586590269935,-56.827168934479474,19.726852311939176,0.32548586590269935,238.25518069616217,18.938351053444187,0.5362639706129531,-181.42801176167657,19.631513993800166,0.5611340362873486
2019-07-16 01:00:00,0.0,0.0,0.0,0.0,0.0,0.0,1.0,23.189009240670647,0.0,18.44721807870299,16.950000000000003,15.099209965306102,-182.15204921012125,-254.3414829649756,-11.064671240852489,-167.44456325621906,-26.745553448020456,12.077929402666665,0.0,136.05325653779974,-285.3890999733469,139.96394534984657,79.1521949125287,-84.68085993399824,0.183,0.0018118913494212,0.026896284787967992,0.004593907761883401,0.44101949776269866,12.077929402666665,11.024809332304054,0.35899314466857957,13.477563723707654,0.007657902086010323,197.52412394928785,0.9818070243660518,0.08048225421995374,-122.29754868463415,-132.04393428034143,0.0,-1513.9639064684468,15.785965219850564,0.06867587875583193,0.0,-469.18669876876453,15.783844557265784,0.06867587875583193,0.0,-5132.730717804458,12.870666599171203,0.0672846125515661,0.0,-315.46152075033217,16.629099304979906,0.06867587875583193,0.0,-36.49995563128656,16.223118024938977,0.06867587875583193,-63.0855490548381,23.301146513041974,0.32548586590269935,-115.62231925787334,23.359149596620078,0.5611340362873486,203.71746060837273,22.819423107656213,0.2805103236939845,94.09813055695999,21.940035590886218,0.32548586590269935,3.9787705112469363,22.76001091873861,0.32548586590269935,-73.74937476769433,23.288550928036496,0.32548586590269935,-49.3371185961753,23.37218380572327,0.32548586590269935,-47.50436797861042,18.45322703479334,0.32548586590269935,228.42642810161996,17.73899961585028,0.5362639706129531,-180.922060123004,18.424331707241386,0.5611340362873486
2019-07-16 02:00:00,0.0,0.0,0.0,0.0,0.0,0.0,1.0,22.779088373728896,0.0,17.152507020960904,15.85,15.099209965306102,-181.09016157530868,-238.11783686833834,-5.845361131711844,-186.63328771165303,-1.621205688772871,12.077929402666665,0.0,140.9648799140897,-238.51303936213762,123.27177995464453,48.815314144317334,-95.57591740360519,0.183,0.0008440016592597043,0.026896284787967992,0.0002378281583228443,0.3705141722964862,12.077929402666665,0.9317635541624046,0.3713078856808022,13.393461482274592,0.007727346848336493,163.2841282972858,0.9831263355092522,0.07731124809442802,-101.07266800106969,-137.04516886726864,0.0,-1471.356006351148,14.640566423758507,0.06867587875583193,0.0,-454.188691225738,14.624788253900185,0.06867587875583193,0.0,-5007.2686807478585,11.698658909855437,0.0672846125515661,0.0,-317.8384088705152,15.62729212220258,0.06867587875583193,0.0,-36.179623455571914,15.14862221441854,0.06867587875583193,-43.216436448382346,22.84747539010979,0.32548586590269935,-102.5052660494354,22.926852582471547,0.5611340362873486,167.88482974794982,22.468039978505892,0.2805103236939845,102.45387571270341,21.414277713376993,0.32548586590269935,4.915121457230195,22.25170039127704,0.32548586590269935,-72.2394293708831,22.875605375687584,0.32548586590269935,-57.29269504917975,22.99579661952881,0.32548586590269935,-44.06723549999281,17.12773491217578,0.32548586590269935,233.77533415021875,16.420871713244335,0.5362639706129531,-189.7080986502202,17.139873445772405,0.5611340362873486
2019-07-16 03:00:00,0.0,0.0,0.0,0.0,0.0,0.0,1.0,22.37661541444692,0.0,16.050000272429518,15.0,15.099209965306102,-202.2026368791761,-207.55164903242638,-5.604725838171704,-199.40745025039647,0.0,12.077929402666665,0.0,146.83864971427565,-192.6190357197943,108.27487791213048,21.86878615627427,-102.05443709305496,0.183,0.0007535905827162217,0.026896284787967992,0.0,0.3661673001024034,12.077929402666665,-9.268390193274609,0.3830138509077892,13.296672535280752,0.007779143322305573,134.1395904016141,0.9844348736956223,0.07332361442297942,-77.70534696369597,-129.8463020687304,0.0,-1479.1102929097485,13.80698692020267,0.06867587875583193,0.0,-451.63750334618743,13.752766462285765,0.06867587875583193,0.0,-5027.154189193532,10.867289662938452,0.0672846125515661,0.0,-321.8460726182299,14.840236024356132,0.06867587875583193,0.0,-36.24750198785112,14.308377402913758,0.06867587875583193,-24.436306412811124,22.409527629194574,0.32548586590269935,-89.80427122203122,22.508775449918062,0.5611340362873486,134.76103510513192,22.126252147943624,0.2805103236939845,107.99936845137624,20.93825128846249,0.32548586590269935,5.606919010799362,21.781417261535,0.32548586590269935,-70.20300114453288,22.475450358127663,0.32548586590269935,-63.923743787929624,22.627742216763135,0.32548586590269935,-36.42139298679534,16.04891102486981,0.32548586590269935,218.13275077671702,15.41768701107176,0.5362639706129531,-181.7113577899158,16.104295052423037,0.5611340362873486
2019-07-16 04:00:00,0.0,0.0,0.0,0.0,0.0,0.0,1.0,21.974940905366605,0.0,15.076900450053612,15.0,15.099209965306102,-199.89245083123376,-131.25497412277807,-4.828748558818519,-188.61600519584363,0.0,12.077929402666665,0.5442074885225611,154.18941443842775,-145.8675214493357,95.08578759632233,-1.2248041545647075,-96.88621668889506,0.183,0.0006803678494461986,0.026896284787967992,0.0,0.36519761144420315,12.077929402666665,-18.52562647923827,0.3948584127008881,13.195915966410324,0.007826543302959064,116.98217954905411,0.9857468448058133,0.06192452198762442,-6.233830757902539,-125.02114336487553,20.925670944426724,-1359.5742619938853,13.685506541560475,0.06867587875583193,8.802571305418493,-412.17525295416965,13.612783783970732,0.06867587875583193,10.913408654107336,-4657.169426149423,10.682564117149605,0.0672846125515661,0.9409989143586092,-308.61651248322397,14.817050447965851,0.06867587875583193,0.5395880288523269,-34.38487026227092,14.265604112243045,0.06867587875583193,-5.292331581362547,21.98599091775692,0.32548586590269935,-76.0207355386227,22.104217640778973,0.5611340362873486,105.88272663297406,21.79320082205701,0.2805103236939845,102.97377443763203,20.617907078182807,0.32548586590269935,6.210122100091297,21.335321925821926,0.32548586590269935,-65.11147628461646,22.0855949071552,0.32548586590269935,-68.64207976609615,22.26727722960833,0.32548586590269935,-30.512033263315335,15.07576835188202,0.32548586590269935,207.1531582391731,14.501619301383487,0.5362639706129531,-176.64112497585216,15.167418188104026,0.5611340362873486
2019-07-16 05:00:00,0.0,0.0,0.0,0.0,0.0,0.0,1.0,21.684374256681096,0.0,14.854025203333672,16.95,15.099209965306102,-116.38278365830476,132.8230212011263,-2.3500196222012373,-127.4202093557504,0.0,12.077929402666665,85.40466723918028,143.58824481210735,-111.97655854461283,73.67953892924615,-27.246535357502964,-66.64537803936231,0.183,0.00045986136596473003,0.026896284787967992,0.0,0.3622774440789248,12.077929402666665,1.3095159169802202,0.4040767334434331,13.13165076359726,0.007864465012494281,97.36196115862718,0.9872644571163411,0.08631848492569673,208.6371642971509,-75.81414309602461,3448.4504677605746,-2262.009665796003,17.565420497136223,0.06867587875583193,1536.2276271252847,-796.8397707091094,18.233628722171318,0.06867587875583193,3864.5333734126657,-5705.072634136563,14.037356437199007,0.0672846125515661,147.6747395950161,-327.2364997883998,16.881445147284644,0.06867587875583193,65.29564087958492,-47.59694207281841,17.484809399988496,0.06867587875583193,15.894726390448826,21.66329156114252,0.32548586590269935,-56.27795733099859,21.794809907531548,0.5611340362873486,85.98735416005499,21.550875304272186,0.2805103236939845,69.46096266232522,20.78249132804275,0.32548586590269935,5.856161335588865,21.094199605055916,0.32548586590269935,-50.80839719594963,21.785442966918186,0.32548586590269935,-70.11285002147149,21.998407594744908,0.32548586590269935,-6.74636450353164,15.002210263813941,0.32548586590269935,118.20444381297057,14.7557269519012,0.5362639706129531,-111.4580793094346,15.155302372420978,0.5611340362873486
2019-07-16 06:00:00,0.0,0.0,0.0,0.0,0.0,0.0,1.0,21.59949396412234,0.0,16.326688521221126,19.7,15.099209965306102,11.977825855086332,411.94966961309757,-0.5762441787020686,-50.795448468849,0.0,12.077929402666665,244.78138412119444,117.27943226060323,-102.91377300299088,47.53736289968783,-39.86797986012974,-30.116996648856837,0.183,0.00022341115647630313,0.026896284787967992,0.0,0.3591461339498086,12.077929402666665,51.271589099970726,0.4081359640629527,13.136652747650116,0.007897992585041152,81.7408107724555,0.9881367140779828,0.10930974547338998,373.7398524200077,38.209817193089904,9995.455712737148,-4558.008974580563,24.91712654652872,0.06867587875583193,4874.976314745571,-1906.6202823955957,28.188152160648965,0.06867587875583193,17563.53115806144,-10620.452637366865,23.303847487567374,0.0672846125515661,423.2558749578701,-390.0888337123197,20.07238042775969,0.06867587875583193,144.73087451789792,-69.92100196621054,22.145649364374886,0.06867587875583193,26.96125764472672,21.555709797590275,0.32548586590269935,-34.73774310107777,21.674869123120214,0.5611340362873486,81.2940208668749,21.47571117939749,0.2805103236939845,22.400528529395007,21.32015661405699,0.32548586590269935,3.790423933922013,21.22427458616649,0.32548586590269935,-32.759139770647984,21.67147663088891,0.32548586590269935,-66.94934810319573,21.902032868566057,0.32548586590269935,30.15155012600644,16.924547357266157,0.32548586590269935,-76.447791324621,17.270072221634077,0.5362639706129531,46.296241198619825,17.066529505422753,0.5611340362873486
2019-07-16 07:00:00,0.0,0.0,0.0,0.0,0.0,0.0,1.0,21.70499370933174,0.0,19.78246942106021,23.05,15.099209965306102,134.91864394408145,551.2629772303994,0.406246572858198,35.141793708656074,0.0,10.493938661333333,358.8592405850057,83.928932146074,-119.68726890904533,20.502934675536995,-30.80202032159308,13.705194382618522,0.159,0.00019613644688856938,0.026896284787967992,0.0,0.35878493497017755,10.493938661333333,88.87666500123383,0.4067971228083892,13.195724389304551,0.007923326516790723,58.41805925063305,0.9877682912063809,0.10388710732807496,341.9237958327619,209.33918139763747,14161.388724210472,-6270.599945916317,31.402328174969263,0.06867587875583193,7544.964365917219,-2998.8867590757623,37.967435284011806,0.06867587875583193,38228.282843337984,-18974.647321257737,37.382566736311134,0.0672846125515661,620.5099395357657,-420.7615771234068,23.573577139747748,0.06867587875583193,131.03969457514654,-67.0918541385293,24.923981637824475,0.06867587875583193,21.94140529748244,21.665060106245527,0.32548586590269935,-14.04101230993947,21.737565949512277,0.5611340362873486,93.07795932846032,21.553837680632103,0.2805103236939845,-26.7927415935964,22.063501585307097,0.32548586590269935,1.2744072779267563,21.58228218953026,0.32548586590269935,-15.65696596198771,21.74033491761806,0.32548586590269935,-59.803052038344866,21.96942528389649,0.32548586590269935,83.34397225244838,21.045845629653645,0.32548586590269935,-367.2076344925619,22.199105851792577,0.5362639706129531,283.8636622401198,21.15302899371787,0.5611340362873486
2019-07-16 08:00:00,0.0,0.0,0.0,0.0,0.0,0.0,1.0,21.9637571201968,0.0,24.871986506581752,26.65,15.099209965306102,233.19255835966632,520.6499917219102,2.1968997622301627,121.85444977732465,0.0,4.949971066666667,410.11072072531107,44.75675434269939,-158.30056418556995,-4.94685927711427,-7.000059513271525,61.49082041692369,0.07500000000000001,0.0004301924560206735,0.026896284787967992,0.0,0.3618845387039258,4.949971066666667,104.19123775344484,0.4013295807268792,13.302405053663895,0.007941506952862769,47.39429915766017,0.9868915613255713,0.07812818944610567,145.50536495307273,375.14462676883744,16736.762975260197,-7425.247684829676,36.72262755969885,0.06867587875583193,8290.671607792103,-3419.15999068864,43.360642543651124,0.06867587875583193,57986.51062989509,-28180.475238595092,51.064653071345234,0.0672846125515661,709.1297916848598,-428.26047800820635,27.01408756880232,0.06867587875583193,118.89179469104894,-64.0534378335878,27.92362696720272,0.06867587875583193,4.455186650162553,21.94375206020548,0.32548586590269935,3.3199101982304757,21.947902852403395,0.5611340362873486,117.3514980367614,21.752731461763275,0.2805103236939845,-73.42121528027039,22.909042370886816,0.32548586590269935,-1.0819260074240182,22.064409636267854,0.32548586590269935,-0.4176889789929798,21.95429442531234,0.32548586590269935,-50.205764618469765,22.167957953639867,0.32548586590269935,145.42758788482624,26.55597084136502,0.32548586590269935,-655.5737414243735,28.476947783370086,0.5362639706129531,510.1461535395529,26.70840727039185,0.5611340362873486
2019-07-16 09:00:00,0.0,0.0,0.0,0.0,0.0,0.0,1.0,22.310291345233853,0.0,30.518164817052767,29.15,15.099209965306102,293.3109165779468,376.4594795902903,4.4321997608846955,176.74642234597619,0.0,2.96998264,419.14017970241025,9.56707192702599,-208.45236425383007,-19.287953206011757,30.765188809918605,93.4129949517998,0.045,0.0006646978631310904,0.026896284787967992,0.0,0.36499009381511005,2.96998264,109.1623118310859,0.39371409911470967,13.437327157049518,0.007957216997059981,25.34759034911282,0.9857248781218714,0.0721010640116091,-108.00388974489572,484.46336933518603,18769.703617036947,-8453.310029798862,40.69886223226829,0.06867587875583193,7771.663260756751,-3349.9262424594244,44.91825307807803,0.06867587875583193,74470.37862640522,-36657.21535537425,61.7610414284416,0.0672846125515661,724.7427909064677,-428.13405893038214,29.282516865983283,0.06867587875583193,142.8365139717062,-72.44619572999575,30.966011669357634,0.06867587875583193,-23.51641121513894,22.327042348809517,0.32548586590269935,10.952390878918596,22.256809781941374,0.5611340362873486,148.44990797224284,22.022172778723377,0.2805103236939845,-102.10338060543792,23.598063508776082,0.32548586590269935,-3.6620734365393823,22.649129241768538,0.32548586590269935,9.425235564182488,22.25941583950579,0.32548586590269935,-39.54566915822876,22.443832999250127,0.32548586590269935,197.53318742018868,32.21289611755613,0.32548586590269935,-852.7462991884054,34.62542878830623,0.5362639706129531,655.2131117682245,32.46668238153416,0.5611340362873486
2019-07-16 10:00:00,0.0,0.0,0.0,0.0,0.0,0.0,1.0,22.670467055638188,0.0,35.370937887921066,30.3,15.099209965306102,311.57097001632036,-164.7862748236079,7.285915239580941,196.5706161727152,0.0,2.96998264,385.91728649552635,-14.999263551803466,-259.57765765681705,-17.753057779773687,77.29040854507261,106.73301160328515,0.045,0.0009899246998217699,0.026896284787967992,0.0,0.3692970728200908,2.96998264,104.74445596402423,0.3853274495806268,13.565403099355295,0.007960079454200665,0.6027691022056296,0.9845230245572549,0.14049566285504428,-703.0074109232545,538.2211360996466,18805.017558447707,-8649.490309034956,41.97534963957599,0.06867587875583193,6353.903566194972,-2898.7358898787265,43.22890568269032,0.06867587875583193,86743.39961944114,-43282.585751953884,69.01151093823813,0.0672846125515661,667.2964912893802,-413.14282183230927,30.12583754209349,0.06867587875583193,155.5185004934933,-77.89268100189979,32.47897487481604,0.06867587875583193,-57.009159625537116,22.740769911250723,0.32548586590269935,6.716520542788081,22.604796250525403,0.5611340362873486,181.50667094516683,22.307478513113516,0.2805103236939845,-109.8056034923065,24.033175953730666,0.32548586590269935,-5.852513728397136,23.210723784673057,0.32548586590269935,13.470764239548952,22.59332912034367,0.32548586590269935,-29.02667888126301,22.739387178122776,0.32548586590269935,232.86906392269793,36.917001485305946,0.32548586590269935,-955.8327907669121,39.567759689676755,0.5362639706129531,722.9637268442224,37.27574392487356,0.5611340362873486
2019-07-16 11:00:00,0.0,0.0,0.0,0.0,0.0,0.0,1.0,23.02377021712408,0.0,38.46589601655294,31.7,15.099209965306102,336.12838330245484,-640.1385769378846,13.21538037378185,222.45021569484015,0.0,2.96998264,337.5424826007448,-33.70849878109729,-307.4024530008797,-4.827702659258531,119.3150132570165,123.41738689314992,0.045,0.0015604578883968996,0.026896284787967992,0.0,0.37685264384812034,2.96998264,97.49280459383284,0.37714557359146095,13.687720593049216,0.007959630035126267,-3.447137165437674,0.9833488815207575,0.18707555822383753,-1204.4757936367675,564.337216698883,16711.941883065152,-7833.962060928091,41.86548925797804,0.06867587875583193,4224.083592924768,-2113.463697169307,40.00443030522454,0.06867587875583193,91580.9789899231,-46049.946745516594,72.83886954924279,0.0672846125515661,583.6507515534541,-371.200003635714,31.14220873026017,0.06867587875583193,158.04517271144226,-77.62340832618453,33.93571910754936,0.06867587875583193,-85.22636346502125,23.150565283114968,0.32548586590269935,-4.136450294569538,22.972041398383354,0.5611340362873486,216.5675896281511,22.597874757485013,0.2805103236939845,-119.79189201886197,24.504231088252894,0.32548586590269935,-7.406772963586521,23.71423465563983,0.32548586590269935,18.212614087577457,22.934225457465423,0.32548586590269935,-18.21872497368689,23.042113208184407,0.32548586590269935,255.93934578571907,40.00649780828663,0.32548586590269935,-1009.6370844051522,42.781819331348274,0.5362639706129531,753.6977386194405,40.44749111698191,0.5611340362873486
2019-07-16 12:00:00,0.0,0.0,0.0,0.0,0.0,0.0,1.0,23.42340457455994,0.0,40.71748268330987,33.05,15.099209965306102,377.39561046668445,-874.0842302922896,16.11818858293719,246.10399834248497,0.0,2.96998264,348.913976200845,-57.680236837976764,-359.10540734306363,10.656381476829516,149.39177106528422,137.3142351445739,0.045,0.001763136809778519,0.026896284787967992,0.0,0.3795367208081439,2.96998264,112.20344090126227,0.36757468561341816,13.813203637996613,0.007951626642563464,-74.54196433771206,0.9814636466977057,0.19773506727919105,-1440.5501882060678,566.4659579137783,16766.90390292502,-7863.796140251406,43.098984024921855,0.06867587875583193,4011.456775484337,-2027.0624167839876,40.68668240816485,0.06867587875583193,92064.20794228387,-46801.68311472548,74.3926225940252,0.0672846125515661,603.3134047840824,-369.84291773102285,32.443818678461476,0.06867587875583193,168.0990490360985,-81.10644312562174,35.53086620097549,0.06867587875583193,-107.20027183480585,23.58290224594457,0.32548586590269935,-18.451234914775462,23.38160196839199,0.5611340362873486,251.99029789659713,22.92481961861078,0.2805103236939845,-133.52113152932375,25.058241219009613,0.32548586590269935,-8.888737813938553,24.245461139539817,0.32548586590269935,23.71709756717646,23.310525038219346,0.32548586590269935,-7.646019370927509,23.382745821305786,0.32548586590269935,272.29631314380555,42.12566891958571,0.32548586590269935,-1023.1538055759193,44.95591727258,0.5362639706129531,750.8574924321214,42.65680715415081,0.5611340362873486
2019-07-16 13:00:00,0.0,0.0,0.0,0.0,0.0,0.0,1.0,23.843955489582765,0.0,42.268258795303346,33.849999999999994,15.099209965306102,416.72534741048264,-899.0343103946545,13.509148865494986,255.48683173495553,0.0,2.96998264,398.37215893378317,-72.11228244186769,-409.47782803041747,33.47741100434213,180.45304436594265,140.6997308135424,0.045,0.0014306857985552383,0.026896284787967992,0.0,0.37513407205967936,2.96998264,144.75938417003212,0.35607641472759816,13.912364599148315,0.007904726621888916,-154.14895065544522,0.9794978819941488,0.17946748472210772,-1437.9325272504368,538.8982168557823,19226.83358900615,-8913.943062636848,45.5973722847871,0.06867587875583193,6214.051350136082,-2902.779179058917,46.36825230369512,0.06867587875583193,87565.24430615688,-45125.058959086,73.21050026065406,0.0672846125515661,688.8324342707837,-394.58878116872705,33.44411390060599,0.06867587875583193,171.07435183052883,-83.16847509158404,36.405871917226776,0.06867587875583193,-128.57245112997663,24.04351705626228,0.32548586590269935,-37.13724421887188,23.828336021721757,0.5611340362873486,289.2650477900354,23.279263314551816,0.2805103236939845,-142.36646203270791,25.57826881958146,0.32548586590269935,-9.983590447139632,24.766486528117674,0.32548586590269935,25.381631601626456,23.723408737051685,0.32548586590269935,3.41306843703181,23.751715871820196,0.32548586590269935,248.89981281825735,43.62102280547199,0.32548586590269935,-966.961893440406,46.213717596486276,0.5362639706129531,718.0620806221572,44.05635692296785,0.5611340362873486
2019-07-16 14:00:00,0.0,0.0,0.0,0.0,0.0,0.0,1.0,24.285771146203768,0.0,43.32623871028049,34.4,15.099209965306102,446.38788603810315,-984.3271489345715,11.788390727515882,257.7293520978291,0.0,2.96998264,430.35275484090545,-85.45891865120178,-462.6717677861636,54.42373692479337,209.0449700638231,140.5018341931803,0.045,0.0012305131232176344,0.026896284787967992,0.0,0.3724831853160683,2.96998264,173.90016057275812,0.34427319791480154,14.015840974267217,0.007847452895942466,-137.1692139887705,0.9780762816714439,0.17018055112321095,-1439.5172037586378,455.1900548240664,19172.951016497424,-8905.476263721324,46.30719311083169,0.06867587875583193,7436.770140022034,-3410.8617975315447,49.880310672359776,0.06867587875583193,73086.82015809447,-38408.09658912795,67.62190569606045,0.0672846125515661,744.1306553791391,-392.492344851983,34.23444484974774,0.06867587875583193,170.3942106013713,-81.41974915456358,37.041994838269126,0.06867587875583193,-150.03706384841306,24.517795485951456,0.32548586590269935,-55.58920030414301,24.288307598737916,0.5611340362873486,326.4907694235101,23.648253178278683,0.2805103236939845,-148.05846266148754,26.07152773270362,0.32548586590269935,-10.733463914117992,25.266046435864904,0.32548586590269935,24.359975121074847,24.1547225522551,0.32548586590269935,13.567446183573702,24.138753862533783,0.32548586590269935,177.5852415085361,44.48735275840136,0.32548586590269935,-796.166085665809,46.456197787779885,0.5362639706129531,618.5808441572792,44.650098741339754,0.5611340362873486
2019-07-16 15:00:00,0.0,0.0,0.0,0.0,0.0,0.0,1.0,24.70855287870468,0.0,42.97683670150897,34.4,15.099209965306102,458.43242766900806,-1017.8419771957373,10.800154070934893,246.87264234354868,0.0,2.96998264,448.79249617861757,-91.64646788509944,-512.6662520280343,75.47125032119337,236.19675341449482,132.72643169864452,0.045,0.0011760262607949268,0.026896284787967992,0.0,0.3717616157958842,2.96998264,197.7896486145245,0.3338182670291461,14.123603359843079,0.007803622176066461,-120.68225594548822,0.9767134731044883,0.16759366929842068,-1362.2141243698024,344.3721471740653,18446.68206558017,-8586.474958693627,45.94452831685963,0.06867587875583193,8184.84433097165,-3718.7544813638806,51.71625287149131,0.06867587875583193,59946.35565858415,-31759.487911400243,61.3654656995387,0.0672846125515661,776.0151423547742,-392.4076493011358,34.447980925563776,0.06867587875583193,172.64040657172873,-81.30322118982932,37.24058170000364,0.06867587875583193,-170.98367894297215,24.971544133391927,0.32548586590269935,-74.3539037226384,24.729462028470152,0.5611340362873486,360.97658862402545,24.003117072175257,0.2805103236939845,-145.60350390884207,26.443527102496777,0.32548586590269935,-11.214789110198414,25.719553954254813,0.32548586590269935,18.906931556330527,24.574304748235917,0.32548586590269935,22.272355504297593,24.513069160395556,0.32548586590269935,79.23561814012558,44.080560554741744,0.32548586590269935,-567.5717078151927,45.22546673145139,0.5362639706129531,488.33608967507473,43.860830108586384,0.5611340362873486
2019-07-16 16:00:00,0.0,0.0,0.0,0.0,0.0,0.0,1.0,25.069911382529128,0.0,41.846361709849546,33.05,15.099209965306102,410.6714994031075,-1425.1732054867375,11.2675717455509,203.76830409646942,0.0,3.563979167999999,390.3922963056339,-90.83758189010271,-557.8046074676317,95.05995260437614,258.23409898528564,109.15768053582084,0.053999999999999986,0.001570549963504549,0.026896284787967992,0.0,0.3769862931989785,3.563979167999999,192.07164439308718,0.32501394749177576,14.212814575668455,0.00776307780791682,-53.252237462090534,0.975553447694414,0.19804999230159714,-1683.9276223022316,258.75441681549404,15469.423389231077,-7529.977804110528,43.16773268441969,0.06867587875583193,7056.540121064395,-3412.772228762643,49.14859036867606,0.06867587875583193,43777.58094639759,-24743.629895154576,53.40482668850552,0.0672846125515661,675.034310892869,-364.5162547709888,33.13910073228654,0.06867587875583193,175.08000775137438,-81.46943330257537,36.303380118457746,0.06867587875583193,-191.74439975345766,25.350204649426267,0.32548586590269935,-94.52785466100383,25.098183874523695,0.5611340362873486,386.818155943706,24.297725729556777,0.2805103236939845,-122.01180723241787,26.478362728236146,0.32548586590269935,-11.304470535204706,26.060377693159413,0.32548586590269935,5.602001875928788,24.93220047304433,0.32548586590269935,27.16837436244811,24.828763390575354,0.32548586590269935,-1.8698288982916287,43.055526129078935,0.32548586590269935,-387.73018033966304,43.52339103080091,0.5362639706129531,389.6000092379636,42.500947542679576,0.5611340362873486
2019-07-16 17:00:00,0.0,0.0,0.0,0.0,0.0,0.0,1.0,25.262183744032995,0.0,38.67801137583196,31.4,15.099209965306102,360.8230600678871,-1355.8409024990062,10.266657858928713,157.45121760604175,0.0,6.533961808,339.2731926504317,-73.04635743790712,-578.7880720563847,116.11344708930419,272.75135933119714,83.0669819894772,0.099,0.0017375310428362181,0.026896284787967992,0.0,0.37919762363600057,6.533961808,186.57122279491668,0.32127581776809905,14.277238747925601,0.007762215942910462,-5.468898620719573,0.9749253444588194,0.21253974124044117,-1481.5942825853933,125.75338008638722,13771.98817591123,-6573.189272388119,40.16338564802175,0.06867587875583193,6144.791036682416,-2863.2522479209283,44.94773303664499,0.06867587875583193,27657.153122926695,-16852.744894552925,43.34643406384564,0.0672846125515661,586.6433532948346,-341.13145786177756,31.445956475979585,0.06867587875583193,206.5674020669775,-89.9692474852106,35.69031671963881,0.06867587875583193,-203.1735599306948,25.562521929597782,0.32548586590269935,-112.10805102953819,25.315768480268545,0.5611340362873486,401.2187308470082,24.463767621279086,0.2805103236939845,-94.55056379821401,26.321284024532954,0.32548586590269935,-10.79723596584284,26.19724903927982,0.32548586590269935,-9.615383525507786,25.146237033083633,0.32548586590269935,29.026063402791564,25.010097433036798,0.32548586590269935,-89.45339305336951,39.880964738518365,0.32548586590269935,-132.58514049520272,39.516658391140965,0.5362639706129531,222.0385335485776,39.02691379250968,0.5611340362873486
2019-07-16 18:00:00,0.0,0.0,0.0,0.0,0.0,0.0,1.0,25.377293014261124,0.0,35.89406060689802,29.45,15.099209965306102,272.44931056704917,-1124.8800077964443,4.69595044838682,104.97355622152607,0.0,10.691937504,235.73171196806504,-58.60087761938865,-592.8129757570885,129.99757599954853,273.33454940081236,56.51545593203147,0.162,0.0010526501943561198,0.026896284787967992,0.0,0.3701277465454987,10.691937504,152.08786639313624,0.3187618529785231,14.309674198999083,0.00775430821825599,-9.312807210665857,0.9745539940413699,0.1850239245462441,-1142.1046676656183,17.224659869173934,9527.96899045762,-5349.481599004319,36.07649146839818,0.06867587875583193,4130.298182624392,-2288.9476762073587,39.82498589985423,0.06867587875583193,12484.258588385117,-10601.213118901887,33.7549111567808,0.0672846125515661,407.60792477160015,-317.2975379856442,29.30244134068771,0.06867587875583193,177.7623696610914,-87.14972958871871,33.621772693433826,0.06867587875583193,-208.08432286349864,25.669824705874365,0.32548586590269935,-126.51961025360919,25.436692438016966,0.5611340362873486,405.3505305049274,24.55484901953401,0.2805103236939845,-61.98025847353463,26.00844934449911,0.32548586590269935,-10.269373756026182,26.24164952686185,0.32548586590269935,-25.680923112841022,25.27010196016319,0.32548586590269935,27.183957954580485,25.1151515726619,0.32548586590269935,-145.64725796101132,36.85414105537284,0.32548586590269935,65.9786949015117,35.86830641915115,0.5362639706129531,79.66856305950654,35.83934734740351,0.5611340362873486
2019-07-16 19:00:00,0.0,0.0,0.0,0.0,0.0,0.0,1.0,25.25319054149512,0.0,32.37356351667935,26.7,15.099209965306102,138.40005887379039,-960.7232691986322,0.8720682842724763,37.582638690629196,0.0,10.691937504,65.01844924516871,-26.906703606155325,-578.5064885548314,143.35358349657818,265.09781600291564,24.78588851497782,0.162,0.00047403941096223705,0.026896284787967992,0.0,0.3624652039291183,10.691937504,89.25341439488872,0.3212893323071206,14.270979889978689,0.0077583088658943955,23.787876218196363,0.974957012903128,0.15817315770155235,-869.2730793060607,-91.45018989257149,2560.5142527574963,-2490.5232895100653,27.81369707902042,0.06867587875583193,884.0928213895022,-906.4367722248004,28.700953755210897,0.06867587875583193,3116.3554166641197,-6575.510055882102,25.52800008351385,0.0672846125515661,112.42456497444479,-258.6404537230284,25.850404928621604,0.06867587875583193,72.93174102100946,-55.350380305657836,27.992840594233066,0.06867587875583193,-205.3384772762935,25.535949459852656,0.32548586590269935,-138.42374371346074,25.32802667240867,0.5611340362873486,391.32771628288333,24.448750155425355,0.2805103236939845,-13.413013011305095,25.268445811379838,0.32548586590269935,-8.174220736831975,25.90796547579731,0.32548586590269935,-45.99243120930199,25.17517159116751,0.32548586590269935,20.014169664310792,25.016117771482058,0.32548586590269935,-169.39398257553623,32.90800471091074,0.32548586590269935,244.29602698723926,31.484548913620998,0.5362639706129531,-74.90204441169833,31.940731045404174,0.5611340362873486
2019-07-16 20:00:00,0.0,0.0,0.0,0.0,0.0,0.0,1.0,24.982569382909066,0.0,28.97112240125727,25.0,15.099209965306102,40.752279916574075,-627.7743435923508,-0.4348965396993917,0.4247640676876522,-30.195298170141477,10.691937504,1.4139799183291457,5.672451064370166,-540.8173773975932,151.86106305834315,237.53232172001373,6.420424512556347,0.162,0.0011658427420115454,0.026896284787967992,0.06142366643165758,1.1850603712736294,10.691937504,60.2657730547273,0.32759767199506357,14.202871415054723,0.00777976341504527,146.40800907263073,0.9763918841443737,0.12482031726935866,-485.80148604036407,-141.97285755198664,53.098292748395075,-1451.1000713713427,23.913718224802174,0.06867587875583193,18.847032849640396,-533.1484111389994,24.490655816768896,0.06867587875583193,15.670626472278466,-5037.529718426547,21.43076654659225,0.0672846125515661,2.444937999079813,-245.7210299735041,23.934434937450664,0.06867587875583193,1.501452948359839,-34.212440036375675,24.22220331641308,0.06867587875583193,-185.1423678700384,25.24385787921732,0.32548586590269935,-142.35138140567446,25.084924457481584,0.5611340362873486,367.3170098820804,24.237047380618165,0.2805103236939845,11.153274039924888,24.706911647523498,0.32548586590269935,-5.109980434667644,25.356537697835815,0.32548586590269935,-57.534972955698684,24.944327465692695,0.32548586590269935,11.668418744077705,24.800393459638563,0.32548586590269935,-150.52365107668328,29.17092663259317,0.32548586590269935,308.3294052948004,27.728851056934282,0.5362639706129531,-157.80575421811093,28.425873782042004,0.5611340362873486
2019-07-16 21:00:00,0.0,0.0,0.0,0.0,0.0,0.0,1.0,24.648235345805016,0.0,26.475811849190983,23.6,15.099209965306102,-35.29509231859041,-398.2924030545582,-1.827549054879422,-27.605956938405363,-69.036396530023,12.077929402666665,0.0,36.310360901017724,-493.1056815262228,156.47810808449094,205.31748799631868,-8.394906923893526,0.183,0.0018576838510885709,0.026896284787967992,0.08885966059047384,1.5575572943045983,12.077929402666665,51.0968808020507,0.3375887163799893,14.15549740942263,0.007859241652836546,216.17357521730244,0.977480309495769,0.09445461433318939,-265.2302414588741,-133.06216159568407,0.0,-1490.9364579786768,22.36451949743544,0.06867587875583193,0.0,-517.0153925765125,22.75006969531682,0.06867587875583193,0.0,-5244.418461602572,19.70570635417425,0.0672846125515661,0.0,-269.4201272969984,22.606616828936087,0.06867587875583193,0.0,-35.287362054390925,22.700216848713062,0.06867587875583193,-159.50615123257424,24.884226009757686,0.32548586590269935,-141.61630432334738,24.778356673197052,0.5611340362873486,338.70564526419304,23.977021515745342,0.2805103236939845,26.4542239907504,24.20476922910476,0.32548586590269935,-2.8035373606696283,24.822465552292833,0.32548586590269935,-64.35602162405108,24.6498993262208,0.32548586590269935,3.1221452856966305,24.529771668788758,0.32548586590269935,-111.85505203729618,26.565532836734498,0.32548586590269935,270.54622912146004,25.406229473033637,0.5362639706129531,-158.69117708415823,26.065619024674614,0.5611340362873486
2019-07-16 22:00:00,0.0,0.0,0.0,0.0,0.0,0.0,1.0,24.248654225141546,0.0,24.485411047857482,22.5,15.099209965306102,-141.02219802105205,-300.25645843480663,-4.26858931223134,-46.12835063613408,-146.4860145062955,12.077929402666665,0.0,69.99668915560424,-436.57761191527857,159.30596428039738,178.7946674168589,-18.6163195204708,0.183,0.0023978961429364223,0.026896284787967992,0.08210365165313796,1.4752414992006149,12.077929402666665,43.78282703094224,0.34885743879915115,14.076260224641478,0.007935288336093934,244.65820595548072,0.9781471838163508,0.08678965470427132,-167.86561093103015,-132.39084750377646,0.0,-1427.6363785845872,21.202382868521518,0.06867587875583193,0.0,-478.0534927913392,21.454993217065574,0.06867587875583193,0.0,-4985.98237701993,18.40372997412407,0.0672846125515661,0.0,-270.89368335257547,21.606423313066262,0.06867587875583193,0.0,-34.31556958812878,21.581970985196225,0.06867587875583193,-134.3116344635153,24.4770967407987,0.32548586590269935,-136.80533726523268,24.416878350944604,0.5611340362873486,308.55229701429977,23.67137387234673,0.2805103236939845,36.45255969798676,23.721036191533308,0.32548586590269935,-0.9984542585569254,24.288501202074283,0.32548586590269935,-67.91118009165123,24.30192082852044,0.32548586590269935,-4.978250633328935,24.20927790081367,0.32548586590269935,-88.23916315706359,24.469248490774667,0.32548586590269935,254.64144260415912,23.47428210474367,0.5362639706129531,-166.40227944709088,24.13555356623365,0.5611340362873486
2019-07-16 23:00:00,0.0,0.0,0.0,0.0,0.0,0.0,1.0,23.824204317958085,0.0,22.974908023796626,21.65,15.099209965306102,-169.60490978017137,-234.10559464892683,-6.5257612298973875,-57.53268733022103,-153.26120830502154,12.077929402666665,0.0,96.76294824201291,-378.67755424362076,157.00569921497308,154.18141424589342,-24.623670250366768,0.183,0.0030536678923745782,0.026896284787967992,0.07709830218592166,1.417640041394659,12.077929402666665,35.636817682301924,0.3621962665705192,14.012348869417748,0.008032701540965255,221.02867068920057,0.9794883450192039,0.09439253931821208,-124.19175828773368,-109.91383636119313,0.0,-1368.1770597792902,20.45133342802954,0.06867587875583193,0.0,-442.8352709209514,20.585065287609066,0.06867587875583193,0.0,-4761.866985473285,17.8155324508529,0.0672846125515661,0.0,-262.02417337026617,20.87354790274764,0.06867587875583193,0.0,-32.52018296720344,20.77988194022936,0.06867587875583193,-110.39004066111677,24.04370260939707,0.32548586590269935,-128.22971085947697,24.02043574941727,0.5611340362873486,276.8144082105293,23.339924419707238,0.2805103236939845,42.12165153330258,23.26297264076088,0.32548586590269935,0.144137455234583,23.790953684241618,0.32548586590269935,-67.31407866525709,23.918391730361705,0.32548586590269935,-13.146367013210813,23.86064961350904,0.32548586590269935,-63.419535497613346,23.006816370375752,0.32548586590269935,205.2032887340013,22.248088148311936,0.5362639706129531,-141.7837532363821,22.80108301014022,0.5611340362873486
2019-07-17 00:00:00,0.0,0.0,0.0,0.0,0.0,0.0,1.0,23.472778869217613,0.0,21.75540186988876,21.1,15.099209965306102,-132.1352342986592,-165.77276207571782,-6.943174402137341,-62.889549997022634,-96.91004451091617,12.077929402666665,0.0,97.8167072278246,-336.6412577525022,141.27034968815207,121.48186866585563,-27.767399489753373,0.183,0.0029730800756770513,0.026896284787967992,0.04136871424554168,0.9434058831074882,12.077929402666665,22.529605208750244,0.37264748627901145,13.941711702707908,0.008092298854222366,122.06085813311233,0.9806139708693309,0.09186589877864221,-58.889082474015005,-106.88367960170284,0.0,-1364.3137204414315,19.77402533980202,0.06867587875583193,0.0,-432.6787667228988,19.843865837586918,0.06867587875583193,0.0,-4771.118376327546,16.958685982642795,0.0672846125515661,0.0,-269.95036155170675,20.31330734654048,0.06867587875583193,0.0,-32.91861685771268,20.155260027164424,0.06867587875583193,-88.9812979597762,23.643785530884735,0.32548586590269935,-115.98843923129219,23.646179284893304,0.5611340362873486,244.10631031497724,23.039116532573406,0.2805103236939845,45.01492559051038,22.869197571247522,0.32548586590269935,1.0255457689146454,23.347349408776378,0.32548586590269935,-62.94304419284454,23.55698776188868,0.32548586590269935,-22.234000290490137,23.544620680522264,0.32548586590269935,-52.15545486705617,21.74567612708534,0.32548586590269935,193.5440886106439,21.07584370282755,0.5362639706129531,-141.38863374358286,21.616851819220248,0.5611340362873486
2019-07-17 01:00:00,0.0,0.0,0.0,0.0,0.0,0.0,1.0,23.174825316933756,0.0,20.909013679552377,20.55,15.099209965306102,-94.52789867811863,-118.45886117452534,-5.305478386461226,-69.78451771086733,-42.52608861032131,12.077929402666665,0.0,91.74375189972307,-303.8296295621622,121.93006631494036,90.91896964090508,-31.381217353815778,0.183,0.002166202632080136,0.026896284787967992,0.018540762430306595,0.6304098387468858,12.077929402666665,11.010256626864578,0.3808953287407189,13.86627939620884,0.008124420199633114,38.25804448835817,0.9815811905537426,0.08233338380992598,-26.372073044951026,-92.08678812957433,0.0,-1392.2275540824123,19.25866129834875,0.06867587875583193,0.0,-432.27406748163406,19.26271843700944,0.06867587875583193,0.0,-4858.624920625557,16.467935252231353,0.0672846125515661,0.0,-274.2566798054963,19.795550565167325,0.06867587875583193,0.0,-33.084454764270205,19.59628463980359,0.06867587875583193,-71.36237877883043,23.291432742077372,0.32548586590269935,-103.112443426955,23.31037557844886,0.5611340362873486,214.41465568725508,22.773443527210986,0.2805103236939845,47.69940600812871,22.51758243886491,0.32548586590269935,1.517152153992214,22.982413146926888,0.32548586590269935,-58.8002793043733,23.235621941853573,0.32548586590269935,-30.356112339214633,23.264470196250766,0.32548586590269935,-38.8703856623051,20.91233666670956,0.32548586590269935,162.92466428038568,20.38018653700502,0.5362639706129531,-124.05427861807681,20.847804612077667,0.5611340362873486
2019-07-17 02:00:00,0.0,0.0,0.0,0.0,0.0,0.0,1.0,22.89005104274829,0.0,20.07771428120429,19.7,15.099209965306102,-81.52141556205746,-130.00423331441786,-2.855695681879436,-85.07277745478427,-5.160246043529351,12.077929402666665,0.0,89.28243770691239,-273.19338756652735,105.09755616942897,66.37945576480809,-39.61687417891577,0.183,0.0009098246004471431,0.026896284787967992,0.001704744888888569,0.3908122438010237,12.077929402666665,-0.5106257845310728,0.3875849926329106,13.769458538273442,0.008125898247366307,-4.972301721474295,0.9825245550781665,0.08101931837742311,-31.807765533924062,-98.1964677804938,0.0,-1486.0019752956148,18.288237809584107,0.06867587875583193,0.0,-459.48367980205154,18.278608584614666,0.06867587875583193,0.0,-5208.136635577888,15.278236877203678,0.0672846125515661,0.0,-297.7339972300439,18.934545947493316,0.06867587875583193,0.0,-35.600910373722826,18.682851584134166,0.06867587875583193,-57.66613305900925,22.962662345900878,0.32548586590269935,-92.04491475139353,22.992779629693196,0.5611340362873486,186.843063420789,22.519817693217306,0.2805103236939845,55.56036044416543,22.113708854779365,0.32548586590269935,2.077479432197953,22.625466339374668,0.32548586590269935,-57.297400869521276,22.933977691823962,0.32548586590269935,-37.47245461723008,22.995558728024953,0.32548586590269935,-37.73847346654126,20.026455385239167,0.32548586590269935,171.3935955375827,19.484395254415123,0.5362639706129531,-133.65512207103518,19.986276862767934,0.5611340362873486
2019-07-17 03:00:00,0.0,0.0,0.0,0.0,0.0,0.0,1.0,22.596316326833577,0.0,19.214730250729247,18.85,15.099209965306102,-99.02419021850332,-131.97353475937706,-1.8316199581427397,-100.2161587929048,0.0,12.077929402666665,0.0,93.69566406232802,-240.29532786927265,92.85932919187191,47.21801886672669,-47.529611593273984,0.183,0.0004913533154769325,0.026896284787967992,0.0,0.36269449196696235,12.077929402666665,-9.054340870122441,0.3944936457384871,13.666854104510513,0.00812466665674163,-3.9995845228105447,0.9835011296262764,0.08837583101473566,-31.42284332924013,-100.55069143013694,0.0,-1539.31416891468,17.410342368424462,0.06867587875583193,0.0,-474.2362077345111,17.38738854413912,0.06867587875583193,0.0,-5381.6366374150275,14.299338939923624,0.0672846125515661,0.0,-311.1142052430314,18.122437017898044,0.06867587875583193,0.0,-36.89887655379345,17.824879224538552,0.06867587875583193,-45.05909936942638,22.641667265989007,0.32548586590269935,-82.42402318888004,22.68310397841462,0.5611340362873486,161.81810617917787,22.267716621090315,0.2805103236939845,62.98840952359871,21.720299278021045,0.32548586590269935,2.6212094687198335,22.275436550294405,0.32548586590269935,-56.76497410577831,22.639550057115333,0.32548586590269935,-43.179628507413874,22.726424957476787,0.32548586590269935,-36.59716576025882,19.158726891415103,0.32548586590269935,174.2121256140114,18.61571733250709,0.5362639706129531,-137.61495985374677,19.133491201293374,0.5611340362873486
2019-07-17 04:00:00,0.0,0.0,0.0,0.0,0.0,0.0,1.0,22.285294955673393,0.0,18.322017382660594,18.05,15.099209965306102,-117.07779930485107,-125.57189481618035,-2.0907913847347457,-113.55391232902525,0.0,12.077929402666665,3.804104554984519,102.85444876316497,-204.2455686189916,84.34928728383217,31.679898614230765,-55.14160218459447,0.183,0.0004944365987339178,0.026896284787967992,0.0,0.362735323887198,12.077929402666665,-13.511024993757738,0.4019820368830669,13.558155427557933,0.008123815335956484,6.612225707077372,0.9845370133311597,0.07942437026170611,-21.796911617850974,-103.7749831983294,146.36519085955527,-1557.509821132796,16.704831596300743,0.06867587875583193,61.67916680135863,-484.1455577681963,16.71373472227659,0.06867587875583193,75.37001359567483,-5312.631209020906,13.519623580557239,0.0672846125515661,6.577745311931096,-313.8513906828546,17.417591424614205,0.06867587875583193,3.76436317975661,-37.62469433663973,17.158647731222977,0.06867587875583193,-32.666248763270296,22.31584174883837,0.32548586590269935,-73.79159080096082,22.36988699302235,0.5611340362873486,138.18720714344127,22.008321819310446,0.2805103236939845,68.94783919583075,21.34047066576448,0.32548586590269935,3.2059065817256265,21.915690985673134,0.32548586590269935,-56.005623685814015,22.339603059334266,0.32548586590269935,-47.87748967095006,22.44801730430146,0.32548586590269935,-36.074332414066276,18.269153340519253,0.32548586590269935,178.72847843366628,17.717837558552684,0.5362639706129531,-142.6541460195954,18.25649661507753,0.5611340362873486
2019-07-17 05:00:00,0.0,0.0,0.0,0.0,0.0,0.0,1.0,22.02677236004398,0.0,17.693492231217306,18.9,15.099209965306102,-47.01202078574923,47.20218183184389,-1.3372937110724605,-83.67811302539222,0.0,12.077929402666665,122.08650856779572,105.12111961451343,-170.25650908532717,73.40140624917288,14.764099102868203,-43.57989226409001,0.183,0.00039104015890183505,0.026896284787967992,0.0,0.3613660448323761,12.077929402666665,25.925456548048786,0.40864026665930014,13.472903476824236,0.008129490001479535,18.18143036504335,0.9853959008355104,0.09186346653327537,126.79776098646853,-79.59557915462463,4935.824470405868,-2829.6030425218346,20.323138438663403,0.06867587875583193,2276.0115079924744,-1052.5162710080738,21.510831613503903,0.06867587875583193,4768.977014946625,-6508.0267632843015,16.165490177037675,0.0672846125515661,211.1019683540538,-351.7711048388877,18.729445533558987,0.06867587875583193,94.3922586870117,-57.28258085090584,19.99686400270507,0.06867587875583193,-15.674293665007765,22.046771370080123,0.32548586590269935,-60.4118808199922,22.11547067992193,0.5611340362873486,121.66705630630932,21.804173296816774,0.2805103236939845,47.029086876409565,21.39494419992713,0.32548586590269935,3.2776283543390394,21.675669836437578,0.32548586590269935,-46.70030612398611,22.092062122133008,0.32548586590269935,-49.187290928071825,22.222198881562583,0.32548586590269935,-25.749572552217614,17.76670507742612,0.32548586590269935,135.87430087808752,17.357800233013844,0.5362639706129531,-110.12472832586488,17.77243262128902,0.5611340362873486
2019-07-17 06:00:00,0.0,0.0,0.0,0.0,0.0,0.0,1.0,21.991955852638878,0.0,18.747012814674726,21.4,15.099209965306102,79.78913858554648,358.78374574937277,-0.16549917512639714,-15.858483699542044,0.0,12.077929402666665,291.0103354913494,84.27732295985189,-164.6096400344539,53.59111226129932,4.406554677600819,-12.530547101291669,0.183,0.0002860252571420051,0.026896284787967992,0.0,0.3599753324862117,12.077929402666665,83.73519205754825,0.40980972611054434,13.46590619106655,0.00813556878881202,13.24330819862694,0.9855085623419096,0.11484940553484871,312.91961358673774,45.86413216263508,11908.327115486376,-5383.5726673486415,28.07925744983612,0.06867587875583193,5987.419690601848,-2385.9963558634618,32.69678657282914,0.06867587875583193,20009.49185573222,-11868.946766455212,26.270703880550847,0.0672846125515661,503.1911826644074,-409.6486704865023,21.825118189269492,0.06867587875583193,170.9153896999874,-79.07744732348075,24.536377035884193,0.06867587875583193,-5.248391698912868,21.996481057890104,0.32548586590269935,-42.941953093637856,22.058304338351103,0.5611340362873486,121.18387765357802,21.777577001207785,0.2805103236939845,2.1298315962689687,21.956537268289125,0.32548586590269935,1.4190776111358256,21.83924942952815,0.32548586590269935,-30.640126838459523,22.037290721539428,0.32548586590269935,-45.90231522997092,22.18088553724357,0.32548586590269935,8.841629195059674,19.466970658994857,0.32548586590269935,-74.51097636133115,19.645782264005902,0.5362639706129531,65.66934716627705,19.416236284772967,0.5611340362873486
2019-07-17 07:00:00,0.0,0.0,0.0,0.0,0.0,0.0,1.0,22.126793047093827,0.0,22.04668660986278,24.45,15.099209965306102,183.301724527672,463.29346731821084,0.7539374252309776,60.71203947256189,0.0,10.493938661333333,378.08506840910337,54.395780988366944,-184.61317882494248,29.465218314578415,12.953345395667782,27.38129330601034,0.159,0.00031372391588019554,0.026896284787967992,0.0,0.36034214582445107,10.493938661333333,111.34180896854579,0.4066275648946772,13.515891137230907,0.008139026379143438,7.634845577706063,0.9850565409300807,0.1039159867826671,243.23549623961557,220.05797107859527,14864.902786271045,-6686.279670509885,33.36653569297643,0.06867587875583193,8139.168099904984,-3304.7992826290397,40.86806800465408,0.06867587875583193,40664.88144163046,-20410.448065672095,40.07557759523176,0.0672846125515661,653.7536627326607,-432.0722536725665,24.946132189465434,0.06867587875583193,129.39420299904933,-68.59659743527638,26.284676918272442,0.06867587875583193,-10.943160954557849,22.133454838409914,0.32548586590269935,-25.08338502703106,22.152224292249556,0.5611340362873486,134.30441258935934,21.87987409922613,0.2805103236939845,-41.348242173011705,22.647534029035512,0.32548586590269935,-0.6525621078657423,22.176179186139688,0.32548586590269935,-16.352217429545757,22.137324258000646,0.32548586590269935,-39.92484489734622,22.279656873823534,0.32548586590269935,65.0382739844511,23.445462597979436,0.32548586590269935,-371.7716680665823,24.451590077437185,0.5362639706129531,306.7333940821366,23.38349450550686,0.5611340362873486
2019-07-17 08:00:00,0.0,0.0,0.0,0.0,0.0,0.0,1.0,22.374041495532296,0.0,26.77867915447735,27.2,15.099209965306102,254.47980283502585,403.43977051413464,2.1586046044763605,125.27366120123814,0.0,4.949971066666667,412.12630982618435,22.73165283290268,-220.7078014615971,8.531144366833665,35.6388329593966,63.324948378736124,0.07500000000000001,0.0004404023105546068,0.026896284787967992,0.0,0.36201974780772855,4.949971066666667,122.09756596264468,0.40072586683235756,13.604841298053342,0.008142553830950344,20.708052883146912,0.9842303639911344,0.05969387023083556,29.19307189990566,374.24669861422893,16856.15705289556,-7595.209205967302,37.47762054146306,0.06867587875583193,8518.736919092325,-3573.744619313609,44.64934351242424,0.06867587875583193,60051.22317530607,-29449.195583549757,52.78838000045046,0.0672846125515661,712.6149828954107,-435.2547485063789,27.57139196517392,0.06867587875583193,109.44601167101945,-63.13146175184679,28.3035789997579,0.06867587875583193,-28.401363449374426,22.399101782675512,0.32548586590269935,-11.464317148559106,22.356377915788176,0.5611340362873486,156.35316842786997,22.07020286428893,0.2805103236939845,-76.43014668486826,23.32777108224122,0.32548586590269935,-2.3951856696122644,22.581256328601263,0.32548586590269935,-5.357485675945402,22.34597868722965,0.32548586590269935,-32.30466979950992,22.47431349455428,0.32548586590269935,127.02388771722465,28.533972600099087,0.32548586590269935,-642.6159571020045,30.27998604647837,0.5362639706129531,515.5920693847846,28.55241425013566,0.5611340362873486
2019-07-17 09:00:00,0.0,0.0,0.0,0.0,0.0,0.0,1.0,22.675908459609726,0.0,31.89392840991575,29.45,15.099209965306102,304.72739999667255,270.60168036725025,4.261156973374474,174.63018679978978,0.0,2.96998264,408.65778834074786,-3.743275919677179,-263.1855571105233,-1.2406486383457542,68.87455529258962,92.42709280958108,0.045,0.0006398157073427324,0.026896284787967992,0.0,0.36466057942549324,2.96998264,122.86607358350825,0.3939136800496651,13.717700376100549,0.008152354625644554,11.68818879817842,0.983220329091279,0.08283407803034955,-201.47455248526316,472.0762328525134,18560.731828737502,-8400.797967937942,40.852070946080026,0.06867587875583193,7791.47219833446,-3388.736652036931,45.37808954671099,0.06867587875583193,76174.20851223006,-37584.29332788814,62.895597235358466,0.0672846125515661,706.6175002788333,-424.4591637513546,29.516000917288697,0.06867587875583193,130.06815293101658,-69.38197831188423,30.952021407423803,0.06867587875583193,-52.25391095024036,22.73752689578864,0.32548586590269935,-6.059147554589678,22.633642291643135,0.5611340362873486,184.34710402861916,22.3098041295611,0.2805103236939845,-100.85989702422088,23.92527476329243,0.32548586590269935,-4.27735698908002,23.058156435851036,0.32548586590269935,2.6231072154827415,22.618901721736147,0.32548586590269935,-23.519898725974297,22.72316740906528,0.32548586590269935,180.79694366380323,33.59755518013616,0.32548586590269935,-823.571913039853,35.83550833054094,0.5362639706129531,642.7749693760562,33.76105879440184,0.5611340362873486
2019-07-17 10:00:00,0.0,0.0,0.0,0.0,0.0,0.0,1.0,23.023723391042022,0.0,36.605769846179435,31.7,15.099209965306102,342.4201395941985,16.59215903403617,7.154358859518236,222.2571482779071,0.0,2.96998264,367.64193161890506,-30.49287943228095,-311.40880332156087,-1.9598713526414173,104.43937455211972,122.52577142101326,0.045,0.0008514675220050537,0.026896284787967992,0.0,0.3674634844114176,2.96998264,110.03864981677317,0.38553029171945713,13.834640508122447,0.008148710067946412,-27.07407769298384,0.9820678260345151,0.1101113886083216,-518.9442397003658,535.5363987344019,18374.719517784168,-8503.51592193836,42.84535745696674,0.06867587875583193,6225.636986728673,-2868.29030014346,44.17747278887553,0.06867587875583193,87872.90282494313,-44058.94207193768,70.48670258236162,0.0672846125515661,635.6962478875365,-400.50482606294,31.243334670245936,0.06867587875583193,142.80618521221862,-74.22741691447114,33.38171395492095,0.06867587875583193,-77.6445084844249,23.12560930189199,0.32548586590269935,-7.7388375624057515,22.96966404469415,0.5611340362873486,216.80787605607753,22.588954530682273,0.2805103236939845,-121.54043236128868,24.51820769598139,0.32548586590269935,-6.2585213891846445,23.590009897616767,0.32548586590269935,10.49504703109754,22.938809656131944,0.32548586590269935,-14.120623289871462,23.016311293493743,0.32548586590269935,229.0561279489125,38.12129553833039,0.32548586590269935,-949.392591450806,40.71070781533703,0.5362639706129531,720.3364635019011,38.4563732758196,0.5611340362873486
2019-07-17 11:00:00,0.0,0.0,0.0,0.0,0.0,0.0,1.0,23.4010479771778,0.0,40.453417039878744,33.599999999999994,15.099209965306102,372.6935183313536,-322.8674048550473,10.604535387545496,259.737613631139,0.0,2.96998264,320.4382407727837,-56.273274255949,-362.3359365473635,5.6436823209038725,138.90213450579975,146.77583041697366,0.045,0.0010891016077306795,0.026896284787967992,0.0,0.37061047261356733,2.96998264,99.38138667266904,0.37593027824409914,13.94560970205305,0.00813348587861351,-57.621975224391925,0.9802623172732924,0.13705131994789416,-891.3567980854598,568.4893932304125,16312.04392300128,-7776.61911417745,43.2981932714682,0.06867587875583193,4064.7749100655315,-2081.5747232528734,41.3786578907781,0.06867587875583193,93055.77020226521,-47280.267083737905,74.91083159552541,0.0672846125515661,554.075500696958,-360.3073820059519,32.71693534902886,0.06867587875583193,147.4425659431174,-75.12275351139816,35.36855392687918,0.06867587875583193,-102.3759909162561,23.54139220013126,0.32548586590269935,-15.93864859133561,23.34624783190699,0.5611340362873486,251.4795518005348,22.894417013568834,0.2805103236939845,-138.14772544729743,25.08618808171777,0.32548586590269935,-8.162974778719592,24.14179299433094,0.32548586590269935,17.705407524802528,23.28952339467884,0.32548586590269935,-4.559619591728673,23.33861338799597,0.32548586590269935,267.30060682409413,41.743808723937214,0.32548586590269935,-1023.0439844359088,44.55527230372863,0.5362639706129531,755.7433776118228,42.2406818452671,0.5611340362873486
